lastmod,kind,file,title,url,sha256_html,html_bytes,pdf_bytes
2026-09-19,gospel,2026-09-19__gospel__gospel.pdf,Sacred Gospels of Barran Dodger — Prophetic Testimony Archive | Barran Dodger,https://barrandodger.com/gospel,a14f147909d2f48b36065c096715408802bd8edfb19b9aeaef556ca4762966b4,80011,2910
2026-09-19,gospel,2026-09-19__gospel__church.pdf,Church of Barran Dodger — Ministry &amp; Sacred Archive | Barran Dodger,https://barrandodger.com/church,49490ad5aadf486737e066cdb44e84bc5279e1422212bd9dcd07ee1542622d95,79855,2951
2026-09-19,gospel,2026-09-19__gospel__prophetic-papers.pdf,Prophetic Papers — Spiritual Testimony &amp; Divine Declaration | Barran Dodger,https://barrandodger.com/prophetic-papers,4ba7c98b72da6cf06a020a7aa3af6b94b542a4870d2eef35893df1a4611ff337,80136,2925
2026-09-19,gospel,2026-09-19__gospel__top-ten-gospels.pdf,Top 10 Gospels — Most Downloaded Sacred Texts | Barran Dodger,https://barrandodger.com/top-ten-gospels,f86b519d01b33a37fe2f4b37a12037466d37bce217f766ea3850339859ed9c81,79945,2881
2026-09-19,gospel,2026-09-19__gospel__creator-speaks.pdf,The Creator Speaks — Dr. Richard McLean's Direct Statement | Barran Dodger,https://barrandodger.com/creator-speaks,88c50687f75c21acae2344ef5e5af9a332d38638f674c621e5db180b70f4e079,80015,2804
2026-09-12,gospel,2026-09-12__gospel__testimony-that-was-already-written.pdf,The Testimony That Was Already Written — Prophetic Documentation | Barran Dodger,https://barrandodger.com/testimony-that-was-already-written,415c611f04a9ce4aa781dea93bbea154e08652a0f5302d42c07f2656bcb3a125,80586,3023
2026-09-12,gospel,2026-09-12__gospel__prophetic-declaration-biblical.pdf,Prophetic Declaration — Biblical Corroboration | Barran Dodger,https://barrandodger.com/prophetic-declaration-biblical,8ddc8ef95a580a997f3ed42fd760a71cc3c33c78df29305d702827dd113420f9,80236,2812
2026-09-12,gospel,2026-09-12__gospel__bloodline-of-god.pdf,Analysis — Bloodline of God: Divine Lineage &amp; Prophetic Mission | Barran Dodger,https://barrandodger.com/bloodline-of-god,086c81182cc0232b5e5d7640311af65d767a7d65f23f3dec9ff17682b87a6eca,83487,3008
2026-09-12,gospel,2026-09-12__gospel__the-last-god.pdf,Analysis — The Last God: Divine Declaration | Barran Dodger,https://barrandodger.com/the-last-god,75a0ebb00ad56a537fbc03dfeae737be301fd12b866756ecab811431aa79bfb9,83229,2809
2026-09-12,gospel,2026-09-12__gospel__god-will-make-you-famous.pdf,Analysis — God Will Make You Famous: The Rising Visibility Record | Barran Dodger,https://barrandodger.com/god-will-make-you-famous,ba9f876d6e18e9b89e4b78a1b2dc45ea84fdddac3af9d3d8a3b72a3c90b39528,83579,2885
2026-09-12,gospel,2026-09-12__gospel__earth-angel.pdf,Analysis — Earth Angel: The Spiritual Dimension of the Archive | Barran Dodger,https://barrandodger.com/earth-angel,adcadece17f596753775481d3b6eb95bfed8584af5261037fda01a8f1ce9e5d9,83381,2993
2026-09-12,gospel,2026-09-12__gospel__bloodline-betrayal.pdf,Bloodline Betrayal — The Family Collaboration Network | Barran Dodger,https://barrandodger.com/bloodline-betrayal,c804be0b72ba5930b378c79700fa41d9c8925061d0c44636cbebbc925acbbf24,83387,2961
2026-09-12,gospel,2026-09-12__gospel__gods-grace-barran-dodger.pdf,God's Grace — Barran Dodger's Testimony of Divine Protection | Barran Dodger,https://barrandodger.com/gods-grace-barran-dodger,ecbd663b38fe2a91cf37ed32e5fd25bc5b6b5a50d4a04f70db38f3fa311a75e9,80329,2796
2026-09-12,gospel,2026-09-12__gospel__god-has-my-back.pdf,God Has My Back When People Don't — Dr. Richard McLean | Barran Dodger,https://barrandodger.com/god-has-my-back,56eb20bd009d58f343d257fb29ca2539d69d5f4e9842b1cc46bac1f741ff0efb,80233,3037
2026-09-12,gospel,2026-09-12__gospel__holy-reckoning.pdf,Holy Reckoning — NDIS Provider Plea &amp; Documented Abuse | Barran Dodger,https://barrandodger.com/holy-reckoning,6f69ad9ccb95bd50f5107f711208fc0672e31038972252e67809b3727c278d2d,80186,3006
2026-09-12,gospel,2026-09-12__gospel__heaven-stood-for-you.pdf,"I DARE YOU TO PROVE ME WRONG | 2,304 Documents | Australian Government Corruption Exposed",https://barrandodger.com/heaven-stood-for-you,79f36e74cda295a0c1703ed89191e2049fa4bf9958ff6f6d57ef1db42f3e2646,80567,3097
2026-09-12,gospel,2026-09-12__gospel__divine-reckoning.pdf,Divine Reckoning — To Those Who Chose This | Barran Dodger,https://barrandodger.com/divine-reckoning,fc7bc64de7b9dcff3bf51f5e4546140c12b0778deb3caa423b72e36414bd8bd8,80115,2987
2026-09-12,gospel,2026-09-12__gospel__chosen-ones-your-story.pdf,Chosen Ones — Your Story: The Whistleblower's Testimony | Barran Dodger,https://barrandodger.com/chosen-ones-your-story,64d37fb3a200e48ef80cc9972eb43d13de3817b9bb51fdd7d5d08bc30fea3585,80163,2816
2026-09-12,gospel,2026-09-12__gospel__every-secret-chooses-a-side.pdf,Every Secret Chooses a Side — Forensic Analysis #76 | Barran Dodger,https://barrandodger.com/every-secret-chooses-a-side,441c1cbf3aaa438a20680c6c02cd4f9ab5c47a5f491dbf71ee4f71c1552d6f2e,80284,2963
2026-09-12,gospel,2026-09-12__gospel__heaven-exposes-the-sister.pdf,Heaven Exposes the Sister — Forensic Analysis | Barran Dodger,https://barrandodger.com/heaven-exposes-the-sister,10c871df462527018a35d96a4258108da7859755b5834bbb43be2121eb3d23c4,80133,2941
2026-09-12,gospel,2026-09-12__gospel__when-heaven-goes-silent.pdf,When Heaven Goes Silent — Forensic Analysis | Barran Dodger,https://barrandodger.com/when-heaven-goes-silent,40e736658ddf7ad09873825e6579b45e4d49db209e9810486967d0c03e9e7e0e,79991,2877
2025-06-01,publication,2025-06-01__publication__administrative-annihilation.pdf,"Administrative Annihilation — 25+ Agencies, Coordinated Circular Referral | Barran Dodger",https://barrandodger.com/administrative-annihilation,1f12f17623f0890e0479ab6bd4cf6f3c30ba124980f19cc5477f09e9cc482f64,80620,3046
2025-06-01,publication,2025-06-01__publication__retrospective-statement.pdf,Retrospective Statement — Looking Back Across 35 Years | Barran Dodger,https://barrandodger.com/retrospective-statement,1ac339d461d02261b5f3e9f70d6a2362558c8084e192ef6ef7eec2dcc52a6dc6,80321,2811
2025-07-01,publication,2025-07-01__publication__beyond-pathology.pdf,"I DARE YOU TO PROVE ME WRONG | 2,304 Documents | Australian Government Corruption Exposed",https://barrandodger.com/beyond-pathology,1c34755761fef15a85675579fd29c95788f49bea6ff83ea35f00d4f4efac25cd,80499,3097
2025-08-01,publication,2025-08-01__publication__master-evidence-register.pdf,"Master Evidence Register — 2,304 Classified Documents | Barran Dodger",https://barrandodger.com/master-evidence-register,d0b5a335b0381847ef8dd4af95dbf700e035ddc0f56ef5fe71d4d94c9cc7b912,83153,3010
2025-11-26,publication,2025-11-26__publication__quiet-storm-download.pdf,"I DARE YOU TO PROVE ME WRONG | 2,304 Documents | Australian Government Corruption Exposed",https://barrandodger.com/quiet-storm-download,0e5c36592bcd4c226b753c6cecd38b88492a5c17ad9347c24196bcc0a5684d61,80567,3101
2025-12-01,publication,2025-12-01__publication__they-fumbled-you-download.pdf,Analysis — They Fumbled You: Every Suppression Move Became Evidence | Barran Dodger,https://barrandodger.com/they-fumbled-you-download,2cb3000c46ce0be5819c57e9f2e84cd26a2647811f1280099ce72436fc0f5b9b,80430,3177
2025-12-01,publication,2025-12-01__publication__confession-choked-on-download.pdf,"I DARE YOU TO PROVE ME WRONG | 2,304 Documents | Australian Government Corruption Exposed",https://barrandodger.com/confession-choked-on-download,06e38657643715c02d32eb05fd6a53d8994a93a1cf67da5aa539f9e85ac24a9f,80720,3105
2025-12-01,publication,2025-12-01__publication__cosmic-essay.pdf,"I DARE YOU TO PROVE ME WRONG | 2,304 Documents | Australian Government Corruption Exposed",https://barrandodger.com/cosmic-essay,9aeb30acfe519f92e759f03f999647599561278a6cfdcc278de722093a62503d,80431,3090
2026-09-19,publication,2026-09-19__publication__publications.pdf,"Publications — 30 AI-Analysed Documents, 491,000+ Downloads | Barran Dodger",https://barrandodger.com/publications,f021c4face0051d66e5c7bfefce6a5bfbe5fbfcb4045e733cd87700e32bad6cb,85139,3012
2026-09-19,publication,2026-09-19__publication__evidence-significance-registry.pdf,Evidence Archive — 8 Primary Exhibits A–H | Barran Dodger,https://barrandodger.com/evidence-significance-registry,3e9e65d055511b06caa987f1e6048e517019e98ebf766ee48fca6126bddd948e,80287,2857
2025-09-01,publication,2025-09-01__publication__master-forensic-evidence-report.pdf,Master Forensic Evidence Report — Complete Case Documentation | Barran Dodger,https://barrandodger.com/master-forensic-evidence-report,454c76500c0ff7483c9d32fee1f92d0f5aaf5c20de694e27040b59ceeaf08fa2,80481,3025
2025-10-01,publication,2025-10-01__publication__forensic-meltdown-report.pdf,Forensic Meltdown Report — The Case That Cannot Be Contained | Barran Dodger,https://barrandodger.com/forensic-meltdown-report,c8d1fb031e3d00e946680e0d123621d3f35c72c6d05427e09aa167e80d5458f5,80320,3015
2025-11-01,publication,2025-11-01__publication__100-absurdities.pdf,100 Absurdities — The Documented Impossibility of Coincidence | Barran Dodger,https://barrandodger.com/100-absurdities,5a11ec97631d8add41f3973cbaf09d79658044caf59ca079b28f756e727a034b,80128,2985
2025-11-01,publication,2025-11-01__publication__33rd-degree-shadow-analysts.pdf,33rd Degree Shadow Analysts — The Intelligence Architecture | Barran Dodger,https://barrandodger.com/33rd-degree-shadow-analysts,6e0485d36528e340e58ddc607b0af05aec3904169641ceef407e69253e0c1100,80392,3001
2025-12-01,publication,2025-12-01__publication__archive-report.pdf,"Archive Report — 2,304 Documents, 491,000+ Downloads | Barran Dodger",https://barrandodger.com/archive-report,9e9f1635de82eab904122ce640aec13f0d41451a6c854eade1a25724a6f4548b,80078,2983
2025-12-01,publication,2025-12-01__publication__ai-justice-statement.pdf,AI Justice Statement — Independent Artificial Intelligence Corroboration | Barran Dodger,https://barrandodger.com/ai-justice-statement,56f2739761e8fc095fabc9d116281a5cd9f1864cc7ddd7b78a97f3d3195263dd,80510,3047
2025-12-01,publication,2025-12-01__publication__taxpayer-cost-analysis.pdf,Taxpayer Cost Analysis — $32.9M in Documented Suppression | Barran Dodger,https://barrandodger.com/taxpayer-cost-analysis,08ebb133113c9ce14b05f359f76b24b649bab023d46c49d60a43514bd9c50cb6,80283,2991
2026-01-01,publication,2026-01-01__publication__chosen-ones-perfect-trap.pdf,Chosen Ones — The Perfect Trap: How They Built the Cage and He Documented It | Barran Dodger,https://barrandodger.com/chosen-ones-perfect-trap,34dedf942ead0f25f5ede6cb4a680565e039aebb7380152a75d1fc5bcf84b786,80539,2945
2026-01-01,publication,2026-01-01__publication__joseph-parallel.pdf,"I DARE YOU TO PROVE ME WRONG | 2,304 Documents | Australian Government Corruption Exposed",https://barrandodger.com/joseph-parallel,ee4d47df2c930e32dc78ecff49aeb03d5d4f6a1fcd9a7bf6a39f96c38d248d52,80482,3091
2026-01-01,publication,2026-01-01__publication__josephs-coat.pdf,Joseph's Coat — The Biblical Parallel to the Whistleblower's Persecution | Barran Dodger,https://barrandodger.com/josephs-coat,a3f63161b33cd6364d6354c85e780bf42dc32a8724fb5649e14d64e7a363163e,80332,3047
2026-09-20,page,2026-09-20__page__home.pdf,"Barran Dodger Legal & Ethical Trust Fund | 3,643 Primary Source Documents | 459,910+ Downloads | Australian Government Corruption Exposed | Whistleblower Dr Richard McLean",https://barrandodger.com/,c478b2c2a267224bca36794f96512034d9e7c3716c8e15f8114cf3330b699531,60847,3281
2026-09-20,page,2026-09-20__page__evidence.pdf,Evidence,https://barrandodger.com/evidence,fetch-failed,0,2711
2026-09-20,page,2026-09-20__page__evidence-vault.pdf,"Evidence Vault — 79+ forensic Analyses, 790+ Confirmed, Zero Contradictions | Barran Dodger",https://barrandodger.com/evidence-vault,cc3f1eec12349c54b3983f763138d12df44bfc7632891cadabbb016366a4c6a4,83096,2895
2026-09-20,page,2026-09-20__page__blockchain.pdf,Blockchain Verification — SHA-256 &amp; OpenTimestamps Bitcoin | Barran Dodger,https://barrandodger.com/blockchain,b7ae3d36127d58d673d2ce072b71cff0ee85dabaa0b2e7d02bd5dd8848f19eb7,82588,2968
2026-09-20,page,2026-09-20__page__ndis-surveillance-evidence.pdf,NDIS Surveillance Evidence — State-Funded Monitoring of a Whistleblower | Barran Dodger,https://barrandodger.com/ndis-surveillance-evidence,45ddb257c4187d7127e13ccabfacc73932748387c3b992dbec585f5cac901bf0,80462,3022
2026-09-20,page,2026-09-20__page__legal-status.pdf,"Legal Status — ICC Article 7, UNHCR Geneva, Federal Court PID | Barran Dodger",https://barrandodger.com/legal-status,23a3f8b0f2a315c34ebee2af11313550aa13e89c95050b762270829e3e2e782c,83564,3010
2026-09-20,page,2026-09-20__page__honeytrap-infiltration-report.pdf,Honeytrap Infiltration Report — SAS Soldier Tony Ridley &amp; Dr Richard McLean | Barran Dodger,https://barrandodger.com/honeytrap-infiltration-report,37c474dd175ea26542110909910483f7c0f5cbc90ee1e87b8936a9be3021dc88,80813,3102
2026-09-20,page,2026-09-20__page__the-conspiracy-against-you.pdf,"The Conspiracy Against You — 5 Named Actors, ICC-Submitted | Barran Dodger",https://barrandodger.com/the-conspiracy-against-you,2ab8bfe5ed1b4a89cd94f57d6a4965765f04ac94732650d238501e9aaf0dc6ad,83671,3045
2026-09-20,page,2026-09-20__page__phantom-protocol.pdf,"Phantom Protocol — Drone Surveillance, Hacked Accounts, ASIO Operations | Barran Dodger",https://barrandodger.com/phantom-protocol,9204036bbfe6be6e2d0ae9f91239ff97469668234edcd7e5894cc9bbb4a837e6,80367,3022
2026-09-20,page,2026-09-20__page__untouchable.pdf,Untouchable — Why the Archive Cannot Be Suppressed | Barran Dodger,https://barrandodger.com/untouchable,9ee29d9e0b8b3e033cea8e21c45c72736dcc97acd1d965c9fa37b4148d8b5541,83297,3012
2026-09-20,page,2026-09-20__page__silent-assassin.pdf,"Analysis #28 — Silent Assassin: 10/10 Confirmed, Zero Contradictions | Barran Dodger",https://barrandodger.com/silent-assassin,a7bdf8c0a06aae51f2642983aa12cdf9895ac6d55b7bf4b3f9d77bff17e7e71c,83598,2847
2026-09-20,page,2026-09-20__page__truth-is-a-blade.pdf,"Analysis #29 — The Truth Is A Blade: 10/10 Confirmed, Zero Contradictions | Barran Dodger",https://barrandodger.com/truth-is-a-blade,66f6b188d1db7058d664c941fb3354b16e966be0c12111a3fc4ca37a1515596e,83571,2853
2026-09-20,page,2026-09-20__page__sukhi-tear.pdf,Dear Sukhi Tear — An Open Letter by Dr. Richard McLean | Barran Dodger Archive,https://barrandodger.com/sukhi-tear,744d279e97efc0eeb278576484dc52598b2e71454abef4c9ebaad4e0ffd0d5ef,80121,2992
2026-09-20,page,2026-09-20__page__how-she-will-be-remembered.pdf,How She Will Be Remembered — An Academic Essay | Barran Dodger Archive,https://barrandodger.com/how-she-will-be-remembered,5d6aa23b7eee94f6ee6eff1f6556b4260140f6aabf48686912f0fe6556385a0a,80294,3002
2026-09-20,page,2026-09-20__page__someone-slipped-up.pdf,Analysis — Someone Slipped Up: Their Mask Finally Fell | Barran Dodger,https://barrandodger.com/someone-slipped-up,7868015b3f5a87ce937bffa8a46c9b6dde65c260c1a25b00256856e20457f4fb,83497,2805
2026-09-20,page,2026-09-20__page__silent-checkmate.pdf,Analysis — Silent Checkmate: The Coordinated Suppression Exposed | Barran Dodger,https://barrandodger.com/silent-checkmate,1fcff6c2380254e25f19f17e83efa3a8e2b42fb7d2780a7859f7d5f6a4c36cdf,83470,3000
2026-09-20,page,2026-09-20__page__no-one-could-be-that-smart.pdf,Analysis — No One Could Be That Smart: Archive Authenticity Confirmed | Barran Dodger,https://barrandodger.com/no-one-could-be-that-smart,40067b56e5d4d6c9e47c99214aef9c378bbe0907a2ef96addd84525d31c6a8f7,83738,3026
2026-09-20,page,2026-09-20__page__they-fumbled-you.pdf,Analysis — They Fumbled You: Every Suppression Move Became Evidence | Barran Dodger,https://barrandodger.com/they-fumbled-you,9ffcb98063cd8acb3cf59f9bf288e4ae6b28f357ab00c203a92279f187fcb381,83526,3156
2026-09-20,page,2026-09-20__page__government-called-him-delusional.pdf,Analysis — The Government Called Him Delusional. The Government Was Wrong. | Barran Dodger,https://barrandodger.com/government-called-him-delusional,7871fb54eb311c9534abdb98ef09248e475aae58d0335c95c9545ffda73af08c,80624,2878
2026-09-20,page,2026-09-20__page__bro-this-isnt-a-coincidence.pdf,"Analysis — Bro, This Isn't a Coincidence: Pattern Recognition Across 35 Years | Barran Dodger",https://barrandodger.com/bro-this-isnt-a-coincidence,8969e5e0e7618af48e1163d0ccb4c0025459ce26a36e00dbb517998fd7b3b276,83892,3030
2026-09-20,page,2026-09-20__page__fbi-precision.pdf,Analysis — FBI Precision: The Archive That Meets International Evidence Standards | Barran Dodger,https://barrandodger.com/fbi-precision,baf647b182e1ec6a78e52f9ef69a5c003fe7caa2e73355f9501c835a7d762c09,83616,3023
2026-09-20,page,2026-09-20__page__final-blow.pdf,Analysis — The Final Blow: The ICC Submission as the Terminal Move | Barran Dodger,https://barrandodger.com/final-blow,ff93b8e22709ab48611c568a8797b32aa70e2eb7e951eb220651e30a5af93c32,83403,3010
2026-09-20,page,2026-09-20__page__clock-strikes-back.pdf,Analysis — The Clock Strikes Back: 35 Years of Perfect Timing | Barran Dodger,https://barrandodger.com/clock-strikes-back,ace7a90cf979f1ba5542ec287c4851eb1f182d3365ec821b5f7b096a2d657577,83484,2996
2026-09-20,page,2026-09-20__page__now-everybody-knows.pdf,Analysis — Now Everybody Knows: Global Distribution Record | Barran Dodger,https://barrandodger.com/now-everybody-knows,58d06c8e72dc13c01fcd2295b0918f664eced4dc09605211d67a143ca2b2cd63,83413,2988
2026-09-20,page,2026-09-20__page__everyone-watching.pdf,Analysis — Everyone Is Watching: International Visibility | Barran Dodger,https://barrandodger.com/everyone-watching,aa89a85ce3a4dc3f049662ed1d639f1dbe7c70bc8419ee413cf33387b8bb3498,83509,3047
2026-09-20,page,2026-09-20__page__history-keeps-receipts.pdf,Analysis — History Keeps Receipts: The Permanent Record | Barran Dodger,https://barrandodger.com/history-keeps-receipts,642baa4b06705a0afe7e9c4dd7970b409939165b3457ce6acbc638b4b36b6ed5,83514,2982
2026-09-20,page,2026-09-20__page__the-full-pattern.pdf,Analysis — The Full Pattern: 35 Years of Coordinated Institutional Persecution | Barran Dodger,https://barrandodger.com/the-full-pattern,c836664960b4f5018c49137861b708b1dc267acc7df9987cc590f5e1cf0599a2,80484,3065
2026-09-20,page,2026-09-20__page__sleeper-agent-of-truth.pdf,Analysis — Sleeper Agent of Truth: Activated After 35 Years | Barran Dodger,https://barrandodger.com/sleeper-agent-of-truth,c11fd512a7ebc4aee40a246cff90943df451a0a1b0ea229882c95fa1415058f0,80322,3016
2026-09-20,page,2026-09-20__page__survival-was-the-warning.pdf,Analysis — Survival Was the Warning: They Should Have Seen It Coming | Barran Dodger,https://barrandodger.com/survival-was-the-warning,26ff98a0b8bf12d1ba4ba8d470490506f4a8718ce4b732e675a323a1b9837169,83602,3013
2026-09-20,page,2026-09-20__page__testimony-went-global.pdf,Analysis — The Testimony Went Global: How a Domestic Case Reached The Hague | Barran Dodger,https://barrandodger.com/testimony-went-global,54946aca9347017d169f84bca08ee87f0ac6cb8d7f64e1d8952823f8a30f297b,80368,3021
2026-09-20,page,2026-09-20__page__they-bought-off-judges.pdf,Analysis — They Bought Off Judges: Institutional Capture Documented | Barran Dodger,https://barrandodger.com/they-bought-off-judges,8473116acb92a1d23eca6b7a17c828ad95ce92d4aab56bbeb97d74c6c93c6f9c,80394,3032
2026-09-20,page,2026-09-20__page__they-cannot-profile-you.pdf,Analysis — They Cannot Profile You: The Unreadable Whistleblower | Barran Dodger,https://barrandodger.com/they-cannot-profile-you,f22f96f5a69cd1652d88f970c3aa51e90f709ca05cac73cf88cf004cb4200f36,80339,3007
2026-09-20,page,2026-09-20__page__paradox-of-persecution.pdf,Analysis — The Paradox of Persecution: Every Attack Made the Case Stronger | Barran Dodger,https://barrandodger.com/paradox-of-persecution,db068cdf540ec29aaeb19d88241b82ea5e3d33f1805be04b29293a301886e8e3,80469,2850
2026-09-20,page,2026-09-20__page__fearless-intelligence.pdf,Analysis — Fearless Intelligence: Documenting While Under Attack | Barran Dodger,https://barrandodger.com/fearless-intelligence,422b1b5b8fc596a8a0a155b966025ac39938bdaff08c93b111079f37eb52f6c3,83685,3045
2026-09-20,page,2026-09-20__page__too-deep.pdf,Analysis — Too Deep: The Operation That Cannot Be Walked Back | Barran Dodger,https://barrandodger.com/too-deep,05b58afef1196b8bed37a6595dc751a20a9e0132f38caaf2dbdca3940b4f8f8b,83301,3000
2026-09-20,page,2026-09-20__page__divine-before-your-time.pdf,Analysis — Divine Before Your Time: The Prophetic Pattern | Barran Dodger,https://barrandodger.com/divine-before-your-time,54a5f3fbaadd96d15123869d96e5e27da1211038b12f281574690ebe916ea7fe,83506,2995
2026-09-20,page,2026-09-20__page__what-you-become.pdf,Analysis — What You Become: The Archive as Identity | Barran Dodger,https://barrandodger.com/what-you-become,a7f19a4f3e26d30eec8613cd8f088902ad453e671973939222de1d1b621a3cc6,83191,2957
2026-09-20,page,2026-09-20__page__the-architecture-of-resolution.pdf,Analysis — The Architecture of Resolution: How This Ends | Barran Dodger,https://barrandodger.com/the-architecture-of-resolution,0e2067bbe8692e1e54b9dcd33f059923f8b0f9e9ce4dccaa0d71cf0db32dd2a3,80452,3008
2026-09-20,page,2026-09-20__page__i-choose-silence.pdf,Analysis — I Choose Silence: Strategic Non-Reaction as Power | Barran Dodger,https://barrandodger.com/i-choose-silence,9b821390a073edfd01f587e75031966650e6a23770958635f49833691ab4ece1,80151,2977
2026-09-20,page,2026-09-20__page__silence-surrender.pdf,Analysis — Silence and Surrender: Strategic Stillness vs. Institutional Noise | Barran Dodger,https://barrandodger.com/silence-surrender,f84c3b46ab64886eb7a31ac52d812bc923ed03408e52015acfa9df8b93c51278,83634,2992
2026-09-20,page,2026-09-20__page__the-divine-exam.pdf,The Divine Exam — 35 Years of Testing and Surviving | Barran Dodger,https://barrandodger.com/the-divine-exam,cf218778292a27e84f1cebf6bb662316ab7b0bd8179a4bf1d86dc3927ac64e39,83360,3003
2026-09-20,page,2026-09-20__page__absorbed-the-erasure.pdf,Absorbed the Erasure — How the Archive Survived Every Deletion Attempt | Barran Dodger,https://barrandodger.com/absorbed-the-erasure,f0b2ac939fa76e8135b40309bc1ece3bbe6889b0e937087d9eed1ae85f93d4da,83605,3021
2026-09-20,page,2026-09-20__page__apotheosis.pdf,Apotheosis — The Final Elevation: From Dismissed to International Criminal Record | Barran Dodger,https://barrandodger.com/apotheosis,a7fa3a9c11711e130eff17058ed67297fe78b9fcc082d620b7ca929130abd59a,80268,3010
2026-09-20,page,2026-09-20__page__chosen-one-outcast-leader.pdf,Chosen One — The Outcast Leader: Persecution as Confirmation | Barran Dodger,https://barrandodger.com/chosen-one-outcast-leader,eec3fcbc4fdb5c8c10728f3adf605ea6b10ad2bb73461167f6886cd4223af2da,83557,2983
2026-09-20,page,2026-09-20__page__chosen-ones-enough-is-enough.pdf,Chosen Ones — Enough Is Enough: The Breaking Point | Barran Dodger,https://barrandodger.com/chosen-ones-enough-is-enough,40b431f6974a9cc705d2779fd72bbc62f876d30972b07c7bea319fd9465eaf72,83491,2910
2026-09-20,page,2026-09-20__page__the-testimony.pdf,The Testimony — Dr Richard McLean's Primary Witness Statement | Barran Dodger,https://barrandodger.com/the-testimony,7bbd36dabc05baecff5b3eafaae1ff25414521773aa2a1230965ff672a8ce823,80109,2797
2026-09-20,page,2026-09-20__page__letter-to-the-world.pdf,Letter to the World — Dr Richard McLean Addresses the International Community | Barran Dodger,https://barrandodger.com/letter-to-the-world,cc307ddd472f12f11d5c60634a16dea78eb46aa3182c7280bb1565a19c362b04,80388,2822
2026-09-20,page,2026-09-20__page__angel-chess.pdf,Angel Chess — Strategic Documentation as Divine Warfare | Barran Dodger,https://barrandodger.com/angel-chess,60f4341c3ca710aa8ce8f1b4a7f5bfb4f24474d9de0d084426cbf9998b498a6c,80051,2995
2026-09-20,page,2026-09-20__page__scary-smart.pdf,Scary Smart — The Intelligence That Built an ICC Case in Silence | Barran Dodger,https://barrandodger.com/scary-smart,501e6fc3ef6a02b3b3f5b80a444b3bcf50cf5f43ed895f48dbbf4e594d807c9a,80204,3023
2026-09-20,page,2026-09-20__page__i-called-this.pdf,I Called This — The Documented Predictions That Came True | Barran Dodger,https://barrandodger.com/i-called-this,4d35a19d826d6eba1b55ff79e5ee2d5fae2d282112d3700d7980c57f946aacae,80094,2963
2026-09-20,page,2026-09-20__page__they-copied-my-blueprint.pdf,They Copied My Blueprint — Institutional Imitation of Suppression Tactics | Barran Dodger,https://barrandodger.com/they-copied-my-blueprint,b6c2a403e0e975bab1404c0f0cd10852d5dcaaec0937c8701f6ccec59ef54439,80419,2923
2026-09-20,page,2026-09-20__page__they-pushed-too-far.pdf,They Pushed Too Far — The Escalation That Produced the ICC Submission | Barran Dodger,https://barrandodger.com/they-pushed-too-far,568c60442e5036c5f294a503df9f8e77e7dd7d37602ab9875603a534451d4140,80376,2852
2026-09-20,page,2026-09-20__page__what-they-did-was-disgusting.pdf,What They Did Was Disgusting — The Moral Verdict | Barran Dodger,https://barrandodger.com/what-they-did-was-disgusting,76bfd26b2c94bc337cb40207175f923105d6055b456ac37e5ac7726c4246e48f,80349,3040
2026-09-20,page,2026-09-20__page__start-here.pdf,Start Here — The Case in 5 Minutes | Barran Dodger,https://barrandodger.com/start-here,33acb9feb3d460ec3de309eec145e9d20cab9ac1c71f10257d0c7551bcb7c2d2,79884,2993
2026-09-20,page,2026-09-20__page__manifesto.pdf,The Manifesto — I Dare You To Prove Me Wrong | Barran Dodger,https://barrandodger.com/manifesto,77f05b68c5a14a5d9005bd61e8cb4ed0ce008a84738a339bf491a1e5c948bd46,79924,2972
2026-09-20,page,2026-09-20__page__timeline.pdf,35-Year Timeline — 1989 to 2026 | Barran Dodger Archive,https://barrandodger.com/timeline,2cde3fabe07534d6fa721e26809b3d4030df4df078aa5d3ebeb6b12340a7cfb2,79865,2983
2026-09-20,page,2026-09-20__page__case-studies.pdf,Case Studies — Parallel Whistleblower Cases &amp; Institutional Patterns | Barran Dodger,https://barrandodger.com/case-studies,e8729fa0585b18798cf45cd5bd45c95bdd5927ccb8cbca970206e51fd88c5e74,80197,2843
2026-09-20,page,2026-09-20__page__research.pdf,"Legal Research — Whistleblower Law, ICC Jurisdiction &amp; Evidence Standards | Barran Dodger",https://barrandodger.com/research,f1d3a09bd595511cc4c280af1822ee5330e5d18cba8c064affd8d356a891fe00,80288,3030
2026-09-20,page,2026-09-20__page__mission.pdf,"Mission — Accountability, Truth &amp; International Justice | Barran Dodger",https://barrandodger.com/mission,062cacba833ca717463a06b49d40a8e1297a5cc0f3d3a09fd39d64394bf1afef,80079,2980
2026-09-20,page,2026-09-20__page__video-commentary.pdf,Video Commentary — 28 YouTube Video Forensic Analyses | Barran Dodger,https://barrandodger.com/video-commentary,a1c805d76f4d0bfa07f07c8630aaac13bc06ec8a609b3add122cf51606e0629a,80115,2843
2026-09-20,page,2026-09-20__page__store.pdf,"Store — Publications, Reports &amp; Archive Downloads | Barran Dodger",https://barrandodger.com/store,5330f4b08e51316ad69785df180102cfd78f7d11c62cc89bdd6086a352f1d166,79907,2961
2026-09-20,page,2026-09-20__page__inversion-paradox.pdf,"The Inversion Paradox — If I Am of Zero Consequence, Why Has Every Institution Refused to Acknowledge Me? | Barran Dodger",https://barrandodger.com/inversion-paradox,e389d643dacbc213e71dddc8a31e8a14ce0ef3be06df48672fd77e6ed22dcc8c,81041,3111
2026-09-20,page,2026-09-20__page__whistleblower-comparison.pdf,"Whistleblower Comparison — Dr McLean vs. Assange, Manning, Snowden | Barran Dodger",https://barrandodger.com/whistleblower-comparison,6b56da06934b401915bf56fd85b74f08d01cd6be1a6ca508ca01a4330d3400c6,80482,2842
2026-09-20,page,2026-09-20__page__private-investigator-legend.pdf,Private Investigator Legend — The Intelligence Operation Mapped | Barran Dodger,https://barrandodger.com/private-investigator-legend,76a27f1c76f5dd462ede8497f0654d58daba746e4729132bc1682a9ef90bec31,80443,3008
2026-09-20,page,2026-09-20__page__the-law-they-overlooked.pdf,The Law They Overlooked — ICC Article 7 and Whistleblower Protection | Barran Dodger,https://barrandodger.com/the-law-they-overlooked,61e75c969d3b6855156709c6efac3a5a3944b7aa4d47dff6749c0f231331bc0a,80468,3037
2026-09-20,page,2026-09-20__page__spread-the-truth.pdf,Spread the Truth — Share the Archive | Barran Dodger,https://barrandodger.com/spread-the-truth,f8958aa5259a406798484e443492cdfeddc1a67c903ceada16a8b9080f41156a,79905,2961
2026-09-20,page,2026-09-20__page__visitors.pdf,"Visitor Statistics — 491,000+ Downloads, 6 Continents | Barran Dodger",https://barrandodger.com/visitors,b01fdcd31ab79fb5d38fab74ef2cf01d84f4e58a22e6acad3c91a0bf4c94a406,79910,2937
2026-09-20,page,2026-09-20__page__donate.pdf,Donate — Support the Barran Dodger Legal &amp; Ethical Trust Fund | ABN 78 833 496 164,https://barrandodger.com/donate,cb798fb1c7e027c2e66b9ddbc2d9baca9297f11d8fdb691af58b36ca06d3fce7,85503,2995
2026-09-20,page,2026-09-20__page__contact.pdf,Contact Dr Richard McLean — Barran Dodger Legal &amp; Ethical Trust Fund,https://barrandodger.com/contact,f28c449b1cddda3636cb8e9cb057794f9533b9dbb7eeaea9799e9768797cc9f7,79794,2901
2026-09-20,page,2026-09-20__page__media.pdf,Media &amp; Press — The Most Documented Whistleblower Case in Australia | Barran Dodger,https://barrandodger.com/media,e3fe011fb4781f5994cbcf30abf9836698e5837bce97c2529e2f032069cf9eeb,80063,2930
2026-09-20,page,2026-09-20__page__the-truth.pdf,"The Truth — 2,304 Documents. Zero Contradictions. | Barran Dodger",https://barrandodger.com/the-truth,a3196db258526a554acafbbd75e381c2560d40c1c41677f684a2fc98bfb2ca12,80017,2987
2026-09-20,page,2026-09-20__page__archive.pdf,"The Complete Archive — 2,304 Primary Source Documents | Barran Dodger",https://barrandodger.com/archive,7c0e99edad18dbe59e8462249034d2438d00cd9c4092c0f4f6134bb09c221094,79974,2966
2026-09-20,page,2026-09-20__page__about.pdf,About Dr. Richard William McLean — Barran Dodger Legal &amp; Ethical Trust Fund,https://barrandodger.com/about,c637091d1553cf3f1909378f5bafde9fefeee51ebdb07d3851c37bd3d4b654ba,80174,3046
2026-09-20,page,2026-09-20__page__about-barran-dodger.pdf,About Barran Dodger — Dr. Richard William McLean | Trust Fund Archive,https://barrandodger.com/about-barran-dodger,3cc31f902d7beda77ccd101759b48f8c74cce1e322ce74ead3b7a277f37c9fa8,80058,2938
2026-09-20,page,2026-09-20__page__urgent-protection-request.pdf,URGENT — Dr. Richard McLean Requires Physical Harbouring | 55B Archbold Rd Long Jetty NSW,https://barrandodger.com/urgent-protection-request,1261d47ad92e178e4e9a20a9652b5242d080f0135bd96478778e52cb80e1bc90,80616,3083
2026-09-20,page,2026-09-20__page__sos.pdf,SOS — Dr. Richard McLean Requires Immediate Physical Safety | Barran Dodger,https://barrandodger.com/sos,aaf7fb118a23fec884a49a2955c44ae90ed0ec397f17f8a79b416e391e431957,79960,2986
2026-09-20,page,2026-09-20__page__help-dr-mclean.pdf,Help Dr. Richard McLean — How You Can Support Australia's Most Documented Whistleblower,https://barrandodger.com/help-dr-mclean,ef532ac430044ee475fc97f81778af2fdace182923fc2d6bd37d20ec2eb4279a,80264,3035
2026-09-20,page,2026-09-20__page__verdict-before-the-court.pdf,Verdict Before the Court — Wyong Local Court 14 May 2026 | Troy Kilbourn Death Threat,https://barrandodger.com/verdict-before-the-court,c778c90fed4965c943507c2d67e41bf76a2ffc1789688cbddb0642451e892b6e,80443,3015
2026-09-20,page,2026-09-20__page__wyong-court-statement.pdf,Wyong Local Court Statement — 14 May 2026 Proceedings | Barran Dodger,https://barrandodger.com/wyong-court-statement,8e4d73b42189b0418771483528a0df4a2037bf26baab59e27dc5b6e31279f3c4,80164,2976
2026-09-20,page,2026-09-20__page__court-duty-officer-statement.pdf,Court Duty Officer Statement — 14 May 2026 | Barran Dodger,https://barrandodger.com/court-duty-officer-statement,3ac9a4d07c849fc17e790e4bae11feed333b210154ba3a69a024f0ede1120124,80220,2971
2026-09-20,page,2026-09-20__page__print-court-statement.pdf,Print Court Statement — 14 May 2026 Proceedings | Barran Dodger,https://barrandodger.com/print-court-statement,93c3eb7044afe72d800be612b3aab3a642a473c17bc105c4a4470c21a0415b8e,80059,2920
2026-09-20,page,2026-09-20__page__sukhi-tear-horse-has-bolted.pdf,"Sukhi Tear — The Horse Has Bolted: Fraud, Illegality &amp; Why Her Conduct Cannot Be Saved | Barran Dodger",https://barrandodger.com/sukhi-tear-horse-has-bolted,165bf15deb2fcfe3c96ae2b4d626f47f51315e414a058ef734fbc277f720dd0d,80962,3167
2026-09-20,page,2026-09-20__page__sukhi-tear-reckoning.pdf,Sukhi Tear — The Reckoning: Simultaneous Regulatory Action | Barran Dodger,https://barrandodger.com/sukhi-tear-reckoning,cfdf91d023e86488d5a82879d0538e34eba554d04bef37c1f6cab264e8a3c0ea,80384,3061
2026-09-20,page,2026-09-20__page__sukhi-tear-too-late.pdf,Sukhi Tear — It Is Too Late: The Evidence Is Everywhere | Barran Dodger,https://barrandodger.com/sukhi-tear-too-late,bb6005dbe06983203dbafe385eed646917bf918fcf1426e2df9f324b417e7b93,80292,3038
2026-09-20,page,2026-09-20__page__sukhi-tear-removed-from-care.pdf,Sukhi Tear — Formal Removal From Care | Barran Dodger Archive,https://barrandodger.com/sukhi-tear-removed-from-care,3c4b36cafde8b5183836dd70df04364021fd15115beb53705863a82fcc211be1,80283,3005
2026-09-20,page,2026-09-20__page__formal-removal-sukhi-tear.pdf,Formal Notice of Removal — Sukhi Tear | Barran Dodger Archive,https://barrandodger.com/formal-removal-sukhi-tear,6007254907a703f8be498b1d627c9498427e6cb1e4fa978f9a8dff92315dd0ae,80265,3007
2026-09-20,page,2026-09-20__page__tony-ridley-recorded-confession.pdf,"Tony Ridley — He Didn't Know He Was Being Recorded: SAS Honeypot, $6B Fraud, Bill Shorten | Barran Dodger",https://barrandodger.com/tony-ridley-recorded-confession,55d0d917f221ffe85274efaa1db9768a1f8cc55ec427264ccdb63d426e837276,80883,3105
2026-09-20,page,2026-09-20__page__tony-ridley-6-billion-confession.pdf,Tony Ridley — $6 Billion NDIS Fraud Confession | Barran Dodger,https://barrandodger.com/tony-ridley-6-billion-confession,413df5e57a1b8bfa42dc2fd6bdb4517a972393b1608061a35bd48bb60dd8b8dd,80381,2794
2026-09-20,page,2026-09-20__page__tony-ridley-confession.pdf,"Tony Ridley Confession — SAS Operative, NDIA Manager, Government Honeypot | Barran Dodger",https://barrandodger.com/tony-ridley-confession,f06386cdfc4fa3b543cef24c8e219df4235cb2964c3201e17cbcade9f8330c18,80442,3036
2026-09-20,page,2026-09-20__page__tony-ridley-exposed.pdf,"Tony Ridley Exposed — SAS Soldier, NDIA Manager, Government Operative | Barran Dodger",https://barrandodger.com/tony-ridley-exposed,2aebb660e62784b92fbfc27f3a29dd7eaead129853800bf7ecf0acbaeaa79318,80361,3022
2026-09-20,page,2026-09-20__page__tony-ridley-full-dossier.pdf,Tony Ridley — Full Dossier: SAS Honeypot Operation | Barran Dodger Archive,https://barrandodger.com/tony-ridley-full-dossier,a56eb3b480e9c593d11ba7e5b5dc00286fa90aed3ffc57efe2bd90baae5c2cb3,80407,3047
2026-09-20,page,2026-09-20__page__tony-ridley-steve-iasonidis-exposed.pdf,Tony Ridley &amp; Steve Iasonidis Exposed — Government Operatives | Barran Dodger,https://barrandodger.com/tony-ridley-steve-iasonidis-exposed,c3728a1b310912ffb6b27020ceead7569a1b00ad0b288d5da15fcac25508337c,80609,2941
2026-09-20,page,2026-09-20__page__government-sas-honeypot-recording.pdf,Government SAS Honeypot Recording — Tony Ridley | Barran Dodger,https://barrandodger.com/government-sas-honeypot-recording,b41ba32c9aa6b6d66d610824685c5e79549f9bd4575200c357becf9c73fd7861,80311,2910
2026-09-20,page,2026-09-20__page__they-laughed-now-theyre-losing-sleep.pdf,They Laughed. Now They're Losing Sleep — Tony Ridley &amp; Steve Iasonidis | Barran Dodger,https://barrandodger.com/they-laughed-now-theyre-losing-sleep,911fb4fd07aee25c81420291804feaba00e4cc6162e3c8807e9816b3043465ad,80665,2995
2026-09-20,page,2026-09-20__page__shorten-assassination-order-documented.pdf,Bill Shorten — Assassination Order Documented | Barran Dodger Archive,https://barrandodger.com/shorten-assassination-order-documented,ab01f7312b6e4b327d724f57930743269a6309075b96f1696db84ccdfa28e3d9,80564,3012
2026-09-20,page,2026-09-20__page__honey-trap-phillip-glass.pdf,Sexual Honey Trap — Phillip Glass (TAG) Surveillance &amp; Transfer | Barran Dodger,https://barrandodger.com/honey-trap-phillip-glass,a1674d49ee75715c59a17c4e41e8fbf5dd8627fc13d2bf7d4e7a24d7e58503c9,80407,3010
2026-09-20,page,2026-09-20__page__sexual-honey-trap-exploitation.pdf,Sexual Honey Trap Exploitation — NDIS Whistleblower Targeted | Barran Dodger,https://barrandodger.com/sexual-honey-trap-exploitation,f519d16cdad873daf8b2cf01420d50beab30df80476bbe51fff243d067f534bf,80458,3022
2026-09-20,page,2026-09-20__page__phillip-glass-tag-gang-stalker.pdf,"Phillip Glass — TAG Operation, Gang Stalking &amp; Public Guardian Gateway | Barran Dodger",https://barrandodger.com/phillip-glass-tag-gang-stalker,ee8a4a30ee73bafa8989f6b2438e79b5ffdaf4b5cfdbe24a14d81288f02aacc5,80533,3013
2026-09-20,page,2026-09-20__page__ablecare-murder-threat-call.pdf,AbleCare Murder Threat Call — CEO Abandoned NDIS Participant During Active Death Threat | Barran Dodger,https://barrandodger.com/ablecare-murder-threat-call,1dd302b6c460cf8afa8e378b949f82bc3a4a00bbabe8513d3cb4784ccd86c45c,80698,3082
2026-09-20,page,2026-09-20__page__ablecare-transcript.pdf,AbleCare Murder Threat — Full Call Transcript | Barran Dodger,https://barrandodger.com/ablecare-transcript,bc2f9658e68f9d9ae25a83fbc8a48163fd3342133f7a84da66f3fe945c61c767,80040,2967
2026-09-20,page,2026-09-20__page__ablecare-ceo-duty-of-care-breach.pdf,AbleCare CEO — Duty of Care Breach During Active Death Threat | Barran Dodger,https://barrandodger.com/ablecare-ceo-duty-of-care-breach,65489308cb0f376e7e4721a7213e5f82be4928471cc227e2d0d6ad03bc352c5c,80459,2998
2026-09-20,page,2026-09-20__page__able-care-entrapment-network.pdf,AbleCare Entrapment Network — NDIS Surveillance Long Jetty NSW | Barran Dodger,https://barrandodger.com/able-care-entrapment-network,d3759298a3e01b96e7bda2ccaf5182be50e1d9c6d9f00e10c287b7bcc2a8ed8e,80373,2983
2026-09-20,page,2026-09-20__page__able-care-long-jetty.pdf,AbleCare Long Jetty — NDIS Entrapment &amp; Surveillance Site | Barran Dodger,https://barrandodger.com/able-care-long-jetty,e09908e886fbcdcc5e65bb1ed87c176270e14b553dfaa2aaf2090dcd467e2212,80204,2804
2026-09-20,page,2026-09-20__page__ablepoint-entrapment.pdf,Ablepoint Australia — Entrapment Operation Documented | Barran Dodger,https://barrandodger.com/ablepoint-entrapment,a2a0644e969348e0a932fcfbc8259857da25c1ee643dbfc4cfee71a79be42b3b,80168,2975
2026-09-20,page,2026-09-20__page__holy-reckoning-ndis-plea.pdf,Holy Reckoning — NDIS Provider Plea for Help | Barran Dodger,https://barrandodger.com/holy-reckoning-ndis-plea,a877dabf598ac5d2540d3050f048e676f9b83ad15717f756a629bd7102ef6c6c,80071,2956
2026-09-20,page,2026-09-20__page__ndis-entrapment-network.pdf,NDIS Entrapment Network — Coordinated Suppression Through Disability Services | Barran Dodger,https://barrandodger.com/ndis-entrapment-network,6914c066fa125cccec177d4042712ca01fa0ae00f524e20f672b00d72597880c,80522,3037
2026-09-20,page,2026-09-20__page__ndis-murder-threat-transcript.pdf,NDIS Murder Threat Transcript — Documented Death Threat During Support Call | Barran Dodger,https://barrandodger.com/ndis-murder-threat-transcript,ddf71f1963c0e47b5a1385279d709c61309ced34c19ab6dd94f7218b9610e2be,80432,2990
2026-09-20,page,2026-09-20__page__ndis-provider-entrapment-plea.pdf,NDIS Provider Entrapment Plea — Formal Record of Abuse | Barran Dodger,https://barrandodger.com/ndis-provider-entrapment-plea,c41f89648527e365f55da85e28309367422735121ce3d33a242ebb260886ad72,80288,2981
2026-09-20,page,2026-09-20__page__long-jetty-ndis-surveillance.pdf,Long Jetty NDIS Surveillance — Documented Monitoring of Dr. Richard McLean | Barran Dodger,https://barrandodger.com/long-jetty-ndis-surveillance,cb13aa23eb430787c36d23dbc767b09445070c659581b1e23ea095dd1fceab7f,80457,2992
2026-09-20,page,2026-09-20__page__support-network-surveillance-network.pdf,Support Network = Surveillance Network — NDIS Operatives Exposed | Barran Dodger,https://barrandodger.com/support-network-surveillance-network,94003ea6513cfd03ec53955cd51bde0ac7cf89686fa46cecf4aba65ab8bc76ba,80575,3017
2026-09-20,page,2026-09-20__page__a-divine-reckoning.pdf,A Divine Reckoning — To Those Who Chose This | Barran Dodger,https://barrandodger.com/a-divine-reckoning,b3cc0b6f6027ec4436dafbd06e898bdea8618f39e876f0ec38a81dae1f0f93da,80095,2975
2026-09-20,page,2026-09-20__page__god-has-my-back-when-people-dont.pdf,God Has My Back When People Don't — Dr. Richard McLean | Barran Dodger,https://barrandodger.com/god-has-my-back-when-people-dont,2d6f255cc8997361d53da1b2741bf66a44307d95370c4c2253b9121f88ad125c,80366,2995
2026-09-20,page,2026-09-20__page__gods-fury-forensic-analysis.pdf,God's Fury — 14 Declarations: Forensic Analysis #79 | Barran Dodger,https://barrandodger.com/gods-fury-forensic-analysis,55df3dd6b31125a93bb9ab54d897e1c8a7636b31414b5a736dd4901397eaf0d4,80356,2841
2026-09-20,page,2026-09-20__page__gods-fury-14-declarations.pdf,God's Fury — 14 Declarations Forensically Corroborated | Barran Dodger,https://barrandodger.com/gods-fury-14-declarations,063a36c92be511869b16359b3421da0d8cf0d294a9f65a5086bc9ab79b2870d8,80232,2970
2026-09-20,page,2026-09-20__page__gods-chosen-one.pdf,God's Chosen One — Dr. Richard McLean | Barran Dodger,https://barrandodger.com/gods-chosen-one,17b426241a4828ec758d89b0295b784da93ca70312f8fd53b7b652b546f46ec3,80041,2957
2026-09-20,page,2026-09-20__page__i-am-gods-chosen-one.pdf,I Am God's Chosen One — Declaration by Dr. Richard McLean | Barran Dodger,https://barrandodger.com/i-am-gods-chosen-one,ea19ff94f74bcf57be1f8f1932423cc6d11a3220fef2142cff1f72b8701fa074,80228,2801
2026-09-20,page,2026-09-20__page__when-people-dont-god-does.pdf,When People Don't — God Does: Divine Protection Across 35 Years | Barran Dodger,https://barrandodger.com/when-people-dont-god-does,6bc4ee26384b43914ce3c7115dcbe7a184378701c33214bbc6bbd198d2a99b85,80340,2998
2026-09-20,page,2026-09-20__page__god-signed-the-warrant.pdf,God Signed the Warrant — Divine Authority Over the Archive | Barran Dodger,https://barrandodger.com/god-signed-the-warrant,1c8645a59aa759c6dc2e3994529cbb3f0e05682143114cedcf41929b62d4c619,80334,2991
2026-09-20,page,2026-09-20__page__gods-grace-resonance-christ.pdf,"God's Grace, Resonance &amp; Christ — Spiritual Testimony | Barran Dodger",https://barrandodger.com/gods-grace-resonance-christ,757663897412c64c0cc1b7bb92e2e2a90a499b966e41f0dcd1869a5ba11eb9e8,80197,2836
2026-09-20,page,2026-09-20__page__prophetic-declaration-forensic-analysis.pdf,Prophetic Declaration — Forensic Analysis: Every Prophecy Corroborated | Barran Dodger,https://barrandodger.com/prophetic-declaration-forensic-analysis,8228f99a1a63f8028180297d26f9c2dc7965b6ed22b4c7c6b6b7d25753b911e0,80677,2983
2026-09-20,page,2026-09-20__page__prophetic-declaration-verified.pdf,Prophetic Declaration Verified — Forensic &amp; Biblical Corroboration | Barran Dodger,https://barrandodger.com/prophetic-declaration-verified,15db363f6b0b8a6e000ac56972d86f383f793de6fb8823b6344ea5e3ba3bb009,80497,2986
2026-09-20,page,2026-09-20__page__prophetic-fck-you-declaration.pdf,Prophetic Declaration — To Every Agency That Chose Silence | Barran Dodger,https://barrandodger.com/prophetic-fck-you-declaration,30a34204b7877648a11df6b77cd850a23feaac983eae1e12fcb8a37b8640cd2d,80369,2970
2026-09-20,page,2026-09-20__page__prophetic-fuck-you-declaration.pdf,Prophetic Declaration — To Every Agency That Chose Silence | Barran Dodger,https://barrandodger.com/prophetic-fuck-you-declaration,f61c9fe4452d814dfe7eb45f52f3aaa383b7b3d7e5efde22157cc13d553f391e,80386,2971
2026-09-20,page,2026-09-20__page__prophetic-forensic-declaration.pdf,Prophetic Forensic Declaration — Prophecy Meets Evidence | Barran Dodger,https://barrandodger.com/prophetic-forensic-declaration,27f22d6efe29964b366bd4f06e7398a5b4158db756eeb8396e0fcc001ebc153d,80338,2946
2026-09-20,page,2026-09-20__page__prophetic-significance-all-traditions.pdf,"Prophetic Significance Across All Traditions — Indigenous, Biblical, Vedic, Mayan | Barran Dodger",https://barrandodger.com/prophetic-significance-all-traditions,e950f1023db12374d3e034eaf0555547da8c0e2f6c94af4fcc9d88417884112c,80697,2858
2026-09-20,page,2026-09-20__page__prophetic-testimony.pdf,Prophetic Testimony — Dr. Richard McLean's Sacred Witness | Barran Dodger,https://barrandodger.com/prophetic-testimony,d4ace6e83451397253a7704d5922115db9612a3d422bcc81a33664c6e61cd6d7,80208,2966
2026-09-20,page,2026-09-20__page__prophetic-testimony-shame.pdf,Prophetic Testimony — The Shame That Couldn't Stop the Truth | Barran Dodger,https://barrandodger.com/prophetic-testimony-shame,bde461e1f46784571890564de4f384c08540093d187fbb2c8f29a21530a2989b,80370,2987
2026-09-20,page,2026-09-20__page__sacred-gospels-forensic-thesis.pdf,Sacred Gospels Forensic Thesis — The Gospel as Primary Evidence | Barran Dodger,https://barrandodger.com/sacred-gospels-forensic-thesis,b649bc9a873aa15c4eb29b1f335d407ea5bd26efb0d9f8d6dc5fa2c42114aeeb,80482,3005
2026-09-20,page,2026-09-20__page__most-significant-gospels.pdf,The Most Significant Gospels — Top Sacred Texts | Barran Dodger,https://barrandodger.com/most-significant-gospels,d5da05ef721df5aad6128ea560de744255c28cd56a68ec759ddf1756f5e08368,80161,2970
2026-09-20,page,2026-09-20__page__top-10-gospels.pdf,Top 10 Gospels — Most Downloaded Sacred Texts | Barran Dodger,https://barrandodger.com/top-10-gospels,ed09e9cb03f3c84e695f903810144eb95fdec02b7a511807258449a0a02b3202,79928,2875
2026-09-20,page,2026-09-20__page__all-gospels-one-witness.pdf,"All Gospels — One Witness, One Archive | Barran Dodger",https://barrandodger.com/all-gospels-one-witness,2594d8c7c08fd9b0f9cba32d500e6a7a0a42ea33443c01af2a76801cce86239c,80102,2987
2026-09-20,page,2026-09-20__page__cosmic-transmission.pdf,Cosmic Transmission — Arcturan Soul Contract &amp; Divine Choosing | Barran Dodger,https://barrandodger.com/cosmic-transmission,18d4f9c1a962c8f7300babd1863e66f07c5b1d26b86f79f245c8b0f2adf0b6d6,80310,2905
2026-09-20,page,2026-09-20__page__soul-contract-and-destiny.pdf,Soul Contract and Destiny — The Cosmic Dimension | Barran Dodger,https://barrandodger.com/soul-contract-and-destiny,369d7914f38fdbf20b697798e517603aecd9be8a20f3a68418268a003252a965,80130,2952
2026-09-20,page,2026-09-20__page__soul-contract-declaration.pdf,Soul Contract Declaration — Divine Mission Statement | Barran Dodger,https://barrandodger.com/soul-contract-declaration,d04224d069b80162308e83a08cba7f5bcd3ed48114d65dc1e3592201304e1835,80169,2953
2026-09-20,page,2026-09-20__page__my-boaz-is-coming.pdf,My Boaz Is Coming — A Declaration of Divine Provision | Barran Dodger,https://barrandodger.com/my-boaz-is-coming,48688a2dcc575a9718e89f40f547966e85f3a7e0c32e268962d9a67547ce9c01,80042,2942
2026-09-20,page,2026-09-20__page__john-gotti-spiritual-realm.pdf,John Gotti — Spiritual Realm Parallel | Barran Dodger,https://barrandodger.com/john-gotti-spiritual-realm,5e4c4c642681d38071063822fc556be996ffb10ba9d66c56cbd0620cb834d37e,80111,2962
2026-09-20,page,2026-09-20__page__makaveli-soul-plane.pdf,Makaveli Soul Plane — Resurrection &amp; Strategic Witness | Barran Dodger,https://barrandodger.com/makaveli-soul-plane,27fe778cc6e6d12b9b6de75ef08df1f6d8045c5e1061b489f90fc259e11b36d1,80208,2891
2026-09-20,page,2026-09-20__page__all-faiths-analysis.pdf,All Faiths Analysis — Universal Prophetic Corroboration | Barran Dodger,https://barrandodger.com/all-faiths-analysis,716e8709663f6e9a284de64dc00de7a993c52c7f0305c225230d7dd589651294,80292,3047
2026-09-20,page,2026-09-20__page__interfaith-forensic-thesis.pdf,Interfaith Forensic Thesis — Universal Patterns of Prophetic Persecution | Barran Dodger,https://barrandodger.com/interfaith-forensic-thesis,3c98fb96b94e450af9a5545655e940db1751af76bab416e213882671fb6ccfc5,80522,2950
2026-09-20,page,2026-09-20__page__forensic-analysis.pdf,Forensic Analysis — AI Corroboration of the McLean Archive | Barran Dodger,https://barrandodger.com/forensic-analysis,0175b2f2a99ba6fcc33f264184fd09872b9ca84fb7ff4100066a4c41d78108d5,80201,2821
2026-09-20,page,2026-09-20__page__forensic-analysis-index.pdf,All Forensic Analyses — Complete Index | Barran Dodger Archive,https://barrandodger.com/forensic-analysis-index,8779e1ffd47eadf1f863a9a725172e49acb8251c69ab4dec550e483bd6dc7fd3,80075,2833
2026-09-20,page,2026-09-20__page__forensic-corroboration-3am-briefing.pdf,Forensic Corroboration — 3AM Briefing: What They Knew and When | Barran Dodger,https://barrandodger.com/forensic-corroboration-3am-briefing,f81472f5dedeac3e8fecfcdf9845071d882262d33e569370aea655bef4069b4b,80474,2971
2026-09-20,page,2026-09-20__page__forensic-corroboration-billionaire-circle.pdf,Forensic Corroboration — Secret Billionaire Circle: 18/18 Confirmed | Barran Dodger,https://barrandodger.com/forensic-corroboration-billionaire-circle,6d24cc283a9a12e164f31ad7237ec87d9de0e26b632d6ef32f60360301954cb0,80687,2825
2026-09-20,page,2026-09-20__page__forensic-corroboration-buried-lies.pdf,"Forensic Analysis #75 — They Tried to Bury You With Lies, Now They're Choking | Barran Dodger",https://barrandodger.com/forensic-corroboration-buried-lies,4620f028adf7f6c341bd33a91dd3c176e85ce115f0981d7cd4665e9b6bc6f0a3,80616,2845
2026-09-20,page,2026-09-20__page__forensic-corroboration-chosen-one.pdf,Forensic Corroboration — Chosen One Pattern Confirmed | Barran Dodger,https://barrandodger.com/forensic-corroboration-chosen-one,23fed4eaddfd305f2d8d2ad4791612898f902f43925aea48c635b433fbde08cb,80353,2826
2026-09-20,page,2026-09-20__page__forensic-corroboration-dirt-on-your-name.pdf,Forensic Corroboration — They Threw Dirt On Your Name | Barran Dodger,https://barrandodger.com/forensic-corroboration-dirt-on-your-name,aa7b2f6ac48827694424c7ec1e67e498cbc50fa3af43d620d387deac3724d315,80628,2827
2026-09-20,page,2026-09-20__page__forensic-corroboration-fight-over-you.pdf,Forensic Corroboration — They Fight Over What's Powerful | Barran Dodger,https://barrandodger.com/forensic-corroboration-fight-over-you,b023c6422605a09199e7a6f7d0f6d1754e8942ab7400a272562a924f536b02d2,80571,2821
2026-09-20,page,2026-09-20__page__forensic-corroboration-fool-fire.pdf,Forensic Corroboration — Fool's Fire: When the Trap Became the Proof | Barran Dodger,https://barrandodger.com/forensic-corroboration-fool-fire,c16f0b196dc5e1f7d435bba7f14d6a9c5f9a486bccb5fe15d92b571cfbecc0de,80489,2830
2026-09-20,page,2026-09-20__page__forensic-corroboration-government-own-file.pdf,Forensic Corroboration — Government's Own File Proves Everything | Barran Dodger,https://barrandodger.com/forensic-corroboration-government-own-file,d0ee2a4c0ed78e161d6a4975a830330a9b74c608de5c37ac54b5506e50336b96,80668,2833
2026-09-20,page,2026-09-20__page__forensic-corroboration-knives-claps.pdf,The Knives Didn't Hurt Half As Much As The Claps — Forensic Corroboration #74 | Barran Dodger,https://barrandodger.com/forensic-corroboration-knives-claps,4912f999cb990f0ae579d31fa0c186a340bb0a88e9cd729b414067c0eb76b027,80705,2830
2026-09-20,page,2026-09-20__page__forensic-corroboration-making-history.pdf,Am I Making History in Real Time? — Forensic Corroboration #72 | Barran Dodger,https://barrandodger.com/forensic-corroboration-making-history,0bc78abbd4ec6454a7c393094bee41a4b16eb6e7cf6bf246c882f6cf255ea470,80577,2812
2026-09-20,page,2026-09-20__page__forensic-corroboration-project-halo.pdf,Project Halo — 20/20 Forensic Corroboration: AI Confirms Every Category | Barran Dodger,https://barrandodger.com/forensic-corroboration-project-halo,32ac89daa10b74bafee46331b45b1e40d6f8fe89e06a517039d6949b3000d393,80513,2881
2026-09-20,page,2026-09-20__page__forensic-corroboration-season-of-payback.pdf,Season of Payback — Forensic Corroboration | Barran Dodger,https://barrandodger.com/forensic-corroboration-season-of-payback,858fe7cbdce9d7d74129f8eea753e06784108c8b6bf50b7d1c0f58f223f51dee,80466,2963
2026-09-20,page,2026-09-20__page__forensic-corroboration-silence-surrender.pdf,Forensic Corroboration — Silence Is Not Surrender | Barran Dodger,https://barrandodger.com/forensic-corroboration-silence-surrender,77c1fa4429437f84183f3d5d7ba439f6c8f81fe8ca085ac3e11c79515bd0742e,80457,2951
2026-09-20,page,2026-09-20__page__forensic-corroboration-still-standing.pdf,Forensic Corroboration — Still Standing After Everything | Barran Dodger,https://barrandodger.com/forensic-corroboration-still-standing,4614c43112f26bfb6458c07ad6a8212002a467f5b8568c3b0bb37ccb4971050f,80520,2978
2026-09-20,page,2026-09-20__page__forensic-corroboration-tactical-insanity.pdf,Forensic Corroboration — Tactical Insanity: 20/20 AI Confirmed | Barran Dodger,https://barrandodger.com/forensic-corroboration-tactical-insanity,ef2bb51fbc5b5474563eeed3b3d1da16b5fb0a975b6aa7e96a0be042f753fd6c,80529,2807
2026-09-20,page,2026-09-20__page__forensic-corroboration-tick-tick-tick.pdf,"Forensic Corroboration — Tick, Tick, Tick: Game Is Over | Barran Dodger",https://barrandodger.com/forensic-corroboration-tick-tick-tick,9d8bc291356c2a2b835a1151a0acfc745049381e87ee1f8c1da050c9f3ab3264,80406,2790
2026-09-20,page,2026-09-20__page__forensic-corroboration-truth-crawls-out-of-shadows.pdf,Forensic Corroboration — Truth Crawls Out of Shadows | Barran Dodger,https://barrandodger.com/forensic-corroboration-truth-crawls-out-of-shadows,a99f3020c6ab047ed84e005373d8f4f71de661a7994df9f481ea1b431905bc52,80642,2968
2026-09-20,page,2026-09-20__page__forensic-corroboration-vault-access.pdf,Forensic Corroboration — Vault Access: The Evidence They Couldn't Lock Away | Barran Dodger,https://barrandodger.com/forensic-corroboration-vault-access,8144811d46eb7673ff99f1bcf33e4f2dee8f244c14eadacc28eb0e9c839cf82d,80657,3011
2026-09-20,page,2026-09-20__page__forensic-analysis-48-quiet-storm-download.pdf,Forensic Analysis #48 — The Quiet Storm: Free Download | Barran Dodger,https://barrandodger.com/forensic-analysis-48-quiet-storm-download,bcc9d75039276fa7f6bc3d76187696e8c527f7414bf2df0a8091bbf765b0ae86,80483,2966
2026-09-20,page,2026-09-20__page__forensic-analysis-50-confession-theyve-been-choking-on-download.pdf,Forensic Analysis #50 — The Confession They've Been Choking On | Barran Dodger,https://barrandodger.com/forensic-analysis-50-confession-theyve-been-choking-on-download,591a0d1bb066081f03f89f52cf02951f55b200c3fb93a09cce5f64a5996f8563,80959,2837
2026-09-20,page,2026-09-20__page__forensic-analysis-9-they-fumbled-you-download.pdf,Forensic Analysis #9 — They Fumbled You: Free Download | Barran Dodger,https://barrandodger.com/forensic-analysis-9-they-fumbled-you-download,e176eb75fa6df229fceeaa3e844723324127aefb3f79bdee00af10cb17947b12,80509,2958
2026-09-20,page,2026-09-20__page__forensic-analysis-59.pdf,Forensic Analysis #59 — AI Corroboration | Barran Dodger,https://barrandodger.com/forensic-analysis-59,fd9680faddaef46a334e237756299a36f5a5fca95d0c5d6611821aa0459d96bd,80009,2813
2026-09-20,page,2026-09-20__page__forensic-analysis-60.pdf,Forensic Analysis #60 — AI Corroboration | Barran Dodger,https://barrandodger.com/forensic-analysis-60,b76dbaa91f12da6d6fc5c13f2f7379a2d1a697eb45fa8626d15bf025d45fc821,79886,2916
2026-09-20,page,2026-09-20__page__forensic-analysis-61.pdf,Forensic Analysis #61 — AI Corroboration | Barran Dodger,https://barrandodger.com/forensic-analysis-61,3925965934937c3455f375938725bbb63938196832893d7c1012a07c31f1b7ca,79871,2903
2026-09-20,page,2026-09-20__page__forensic-analysis-62.pdf,Forensic Analysis #62 — AI Corroboration | Barran Dodger,https://barrandodger.com/forensic-analysis-62,3615fa8476a57525ae11e4b2e41c7a94f91ab84099576ffe36fe9681c5d1d9b4,79877,2811
2026-09-20,page,2026-09-20__page__forensic-analysis-63.pdf,Forensic Analysis #63 — AI Corroboration | Barran Dodger,https://barrandodger.com/forensic-analysis-63,64d1b4ca72a157276737bdcb41fdc60a09933b3d1eb7c948dd4b949686597945,79919,2922
2026-09-20,page,2026-09-20__page__forensic-analysis-78-they-called-you-crazy-prophesied.pdf,Forensic Analysis #78 — They Called You Crazy: Every Prophecy Confirmed | Barran Dodger,https://barrandodger.com/forensic-analysis-78-they-called-you-crazy-prophesied,f18f557475f52595cdf1398ab0ee8f954d74531952a8df2834c45b3c2dbd9c93,80879,3003
2026-09-20,page,2026-09-20__page__forensic-analysis-79.pdf,Forensic Analysis #79 — God's Fury: 14 Declarations Corroborated | Barran Dodger,https://barrandodger.com/forensic-analysis-79,98ed6bf9f9774ad3ccc2370fe74191eb0399cdba96cad82a9566d6b35f88014d,80216,2816
2026-09-20,page,2026-09-20__page__forensic-analysis-quiet-storm-they-never-saw-coming.pdf,The Quiet Storm They Never Saw Coming — Forensic Analysis #48 | Barran Dodger,https://barrandodger.com/forensic-analysis/quiet-storm-they-never-saw-coming,6f1c0532fa05eecb72777e55f811caed56f2d8ec444dca456baf0123ef5d2716,80674,2967
2026-09-20,page,2026-09-20__page__forensic-analysis-they-built-their-worst-nightmare.pdf,They Built Their Worst Nightmare — Forensic Analysis | Barran Dodger,https://barrandodger.com/forensic-analysis/they-built-their-worst-nightmare,7914a80defb58779833628b8609eb0f3debadadad10ed3f604df19c9e66fc218,80555,2956
2026-09-20,page,2026-09-20__page__forensic-analysis-they-dug-for-dirt-but-unearthed-diamonds.pdf,They Dug For Dirt But Unearthed Diamonds — Forensic Analysis #49 | Barran Dodger,https://barrandodger.com/forensic-analysis/they-dug-for-dirt-but-unearthed-diamonds,1dca90738096afe04b67ab35422be0c30f7ba9283a056de216c49a00b1678a6a,80919,3003
2026-09-20,page,2026-09-20__page__quiet-storm-they-never-saw-coming.pdf,The Quiet Storm They Never Saw Coming — Forensic Analysis #48 | Barran Dodger,https://barrandodger.com/quiet-storm-they-never-saw-coming,8327b326e6517f027366148a8e90e573503e291393ea1419c7c7d1f532061623,80491,3016
2026-09-20,page,2026-09-20__page__they-built-their-worst-nightmare.pdf,They Built Their Worst Nightmare — Forensic Analysis | Barran Dodger,https://barrandodger.com/they-built-their-worst-nightmare,34344ccba0f5803e1a305407fcc32d3c69c18c44cbcd69673267eda8da0c8332,80372,2983
2026-09-20,page,2026-09-20__page__they-dug-for-dirt-but-unearthed-diamonds.pdf,They Dug For Dirt But Unearthed Diamonds — Forensic Analysis #49 | Barran Dodger,https://barrandodger.com/they-dug-for-dirt-but-unearthed-diamonds,b09a9ad1d32789861193b6b2a465f7f898da5193c2480a0adea1f105c524ba1e,80553,3003
2026-09-20,page,2026-09-20__page__digital-detonation-verified.pdf,Digital Detonation Verified — The Archive Impact Report | Barran Dodger,https://barrandodger.com/digital-detonation-verified,aae4ab94598476d687aecd81556a6ae89840818b06642ba36c5a415915dbff3c,80269,2958
2026-09-20,page,2026-09-20__page__heaven-stood-forensic-report.pdf,Heaven Stood — Forensic Corroboration Report | April 2026 | Barran Dodger,https://barrandodger.com/heaven-stood-forensic-report,48187dde7c68d8d53ffde7f5112f63cc7b21d56c0f9ad5899b887c32ea3c54e2,80289,2952
2026-09-20,page,2026-09-20__page__you-detonated-the-narrative.pdf,You Detonated the Narrative — Forensic Report | April 2026 | Barran Dodger,https://barrandodger.com/you-detonated-the-narrative,ffb031e62c5fa035236d25d354c086920724ab1ae0876e3ed3f4d087efa17c33,80371,2983
2026-09-20,page,2026-09-20__page__embedded-in-the-digital-architecture.pdf,Embedded in the Digital Architecture of Humanity — The McLean Archive | Barran Dodger,https://barrandodger.com/embedded-in-the-digital-architecture,0b1783143edc25857867532d7c35fa406986986ca279762df7b54e52572fad31,80602,2993
2026-09-20,page,2026-09-20__page__forensic-perception-analysis.pdf,Forensic Perception Analysis — How They Perceived Dr. McLean vs. The Record | Barran Dodger,https://barrandodger.com/forensic-perception-analysis,ef57d1254c1130194bdf01656c93079c2bc52c567e7d04eda901172a827d4153,80526,2990
2026-09-20,page,2026-09-20__page__forensic-framework-unspoken-mandate.pdf,Forensic Framework — The Unspoken Mandate: Systemic Administrative Conduct | Barran Dodger,https://barrandodger.com/forensic-framework-unspoken-mandate,ac4c85b1edd470c6c2f8ae70876af210af51134b3a774460e9bd7d234982d477,80624,3007
2026-09-20,page,2026-09-20__page__forensic-proof-statement.pdf,Forensic Proof Statement — The Evidence That Cannot Be Challenged | Barran Dodger,https://barrandodger.com/forensic-proof-statement,9d56a9034e9059262e13bd1fa6b6a1b7b4d645ec3916fa89dc8d67c75e57c02f,80320,2985
2026-09-20,page,2026-09-20__page__forensic-significance-2301-exhibit.pdf,"Forensic Significance — 2,301 Exhibit Archive | Barran Dodger",https://barrandodger.com/forensic-significance-2301-exhibit,3d83739adb1eb5e65eb8bc2f8512db49a6013a584268dd18c17632ba20e19137,80337,2976
2026-09-20,page,2026-09-20__page__forensic-verification-report.pdf,Forensic Verification Report — Archive Authenticity Confirmed | Barran Dodger,https://barrandodger.com/forensic-verification-report,3b1dbb4a8bfee4e5a18a665b9f459819f9ecd20dc6c9f34534272900905dfb0e,80328,2947
2026-09-20,page,2026-09-20__page__forensic-economic-valuation.pdf,Forensic Economic Valuation — The $112M+ Archive | Barran Dodger,https://barrandodger.com/forensic-economic-valuation,b6f7fb8eb46252c354e4a343b9ae0fd964036ce4be976fc79942bb5f9d2571e9,80251,2961
2026-09-20,page,2026-09-20__page__dying-of-shame-forensic-analysis.pdf,Dying of Shame — Forensic Analysis: When the Truth Becomes Unstoppable | Barran Dodger,https://barrandodger.com/dying-of-shame-forensic-analysis,2ebdca5a5c751fb1cf4babd5a0cc29913f6c59b6615a02eb74ce4813ceb50e71,80495,3011
2026-09-20,page,2026-09-20__page__false-sister-forensic-analysis.pdf,False Sister — Forensic Analysis: The Familial Betrayal Network | Barran Dodger,https://barrandodger.com/false-sister-forensic-analysis,22763a0abba5c69b86c0576e17d16edf9026e02da3285a174d20e9e30a1e9f9c,80488,3007
2026-09-20,page,2026-09-20__page__illegal-level-genius-forensic-report.pdf,Illegal Level Genius — Forensic Report: The Intelligence That Built the ICC Case | Barran Dodger,https://barrandodger.com/illegal-level-genius-forensic-report,a516f8aa9efd5a7a1fb041f0a2bdb27bf039bdd97f990a98efb835177a20034f,80731,3030
2026-09-20,page,2026-09-20__page__illegal-level-genius-new-equation.pdf,Illegal Level Genius — The New Equation: Archive + ICC + Blockchain | Barran Dodger,https://barrandodger.com/illegal-level-genius-new-equation,da10ddfa54d055a8807ed656952fcc5ee881519228a8a5ee5c148a700cbe3fc4,80548,3003
2026-09-20,page,2026-09-20__page__genius-forged-in-suppression-forensic-analysis.pdf,Genius Forged in Suppression — Forensic Analysis | Barran Dodger,https://barrandodger.com/genius-forged-in-suppression-forensic-analysis,20511928ef6b93af50244642beac689e22897ad31b09142195be0d8c70f89d2e,80556,2961
2026-09-20,page,2026-09-20__page__beautiful-menace-forensic-report.pdf,Beautiful Menace — Forensic Report | Barran Dodger,https://barrandodger.com/beautiful-menace-forensic-report,a26b4271bbedd70ded28e42c7e055fa56262acf3f64ef02aef2eaf9477cb6449,80162,2938
2026-09-20,page,2026-09-20__page__aura-shift-forensic-report.pdf,Aura Shift — Forensic Report: The Documented Turning Point | Barran Dodger,https://barrandodger.com/aura-shift-forensic-report,ba0b8909ff8052c7bcf33f8ced8c56d9f29efa0933f5056b49d723afe6b91708,80201,2942
2026-09-20,page,2026-09-20__page__law-enforcement-nervousness-forensic-analysis.pdf,Law Enforcement Nervousness — Forensic Analysis | Barran Dodger,https://barrandodger.com/law-enforcement-nervousness-forensic-analysis,7fef684919d49c2278475d8892a74dac29c21cdcf0d70b16bf8da960b5e681ab,80554,2980
2026-09-20,page,2026-09-20__page__wait-theyre-listening-forensic.pdf,Wait — They're Listening: Forensic Surveillance Analysis | Barran Dodger,https://barrandodger.com/wait-theyre-listening-forensic,564f93bef1f2b8ce4ac8e27935e4c1434d0a4c1c209839721540cb0eef215b20,80341,2815
2026-09-20,page,2026-09-20__page__special-forces-were-called-in-forensic-proof.pdf,Special Forces Were Called In — Forensic Proof | Barran Dodger,https://barrandodger.com/special-forces-were-called-in-forensic-proof,2e0a795f5b5eda65cd6d236673e29d45bb8bab1d6259f940f7fd90e541cc514c,80567,3013
2026-09-20,page,2026-09-20__page__theyre-about-to-be-behind-bars-forensic-analysis.pdf,They're About To Be Behind Bars — Forensic Analysis | Barran Dodger,https://barrandodger.com/theyre-about-to-be-behind-bars-forensic-analysis,98577fa5025f65147bb3271f731decc2df7057a3813323ec42a79f6fea731ebf,80626,2817
2026-09-20,page,2026-09-20__page__when-wrong-people-get-nervous-forensic-report.pdf,When Wrong People Get Nervous — Forensic Report | Barran Dodger,https://barrandodger.com/when-wrong-people-get-nervous-forensic-report,964fda3ed3c2286762279b12a62d9e53f5b16441a14b2097e8bdf08cc8c0b53e,80584,2842
2026-09-20,page,2026-09-20__page__when-a-pack-of-wolves-cant-take-down-a-lion.pdf,When a Pack of Wolves Can't Take Down a Lion — Forensic Report | Barran Dodger,https://barrandodger.com/when-a-pack-of-wolves-cant-take-down-a-lion,5b1a4fa0c9ec0c1ff7765b8ba2dd24e8ee03f029be506e1cabc19c04b942efc2,80538,2886
2026-09-20,page,2026-09-20__page__thousand-fell-forensic-analysis.pdf,A Thousand Fell — Forensic Analysis: The Supernatural Protective Pattern | Barran Dodger,https://barrandodger.com/thousand-fell-forensic-analysis,358d8c3e2534ef5c39758eedb5fedd97eeed9fef9cb4ddca23bc88e6c3d2392f,80529,2992
2026-09-20,page,2026-09-20__page__karma-audit-iasonidis-forensic.pdf,Karma Audit — Steve Iasonidis Forensic Examination | Barran Dodger,https://barrandodger.com/karma-audit-iasonidis-forensic,75e6beda19be4cd58915b4699cb54ab56803a63729ec0c7301b41e87928a0e20,80323,2871
2026-09-20,page,2026-09-20__page__outsider-pattern-recognition.pdf,Outsider Pattern Recognition — The Intelligence They Called Delusion | Barran Dodger,https://barrandodger.com/outsider-pattern-recognition,9db989716ff5dbdd2e99ab27f612e13d17e3a0278c7ba9d14032f00ca314556d,80388,2992
2026-09-20,page,2026-09-20__page__perception-is-protection.pdf,Perception Is Protection — Forensic Analysis | Barran Dodger,https://barrandodger.com/perception-is-protection,ef91cf7d3fe29072032dd46c1e8b8f716628cd64f73530c9b045348858f419ae,80008,2925
2026-09-20,page,2026-09-20__page__you-built-your-peace-in-silence.pdf,You Built Your Peace in Silence — Forensic Analysis | Barran Dodger,https://barrandodger.com/you-built-your-peace-in-silence,bd931dc7a4d6862660dd12918ae0c9ec6843a882e0991a54cb3106314db7b568,80211,2943
2026-09-20,page,2026-09-20__page__this-is-the-reckoning.pdf,This Is The Reckoning — Forensic Analysis | Barran Dodger,https://barrandodger.com/this-is-the-reckoning,740ccf5680f40f035dde58b0c567d4f32abc64f9672883f2cfdba69c82bcf454,80017,2955
2026-09-20,page,2026-09-20__page__observers-anticipated-a-misstep.pdf,Observers Anticipated a Misstep — Forensic Analysis | Barran Dodger,https://barrandodger.com/observers-anticipated-a-misstep,c63f64642e5b7fdfdbe45cd36d298bd92600698cdeea7a8244fa88602abf6ed4,80298,2940
2026-09-20,page,2026-09-20__page__you-brought-receipts-to-a-vibe-war.pdf,You Brought Receipts to a Vibe War — Forensic Analysis | Barran Dodger,https://barrandodger.com/you-brought-receipts-to-a-vibe-war,4d3dcf8e26fb4b646fbf79017fce3c35e536b1c6db936de339f982c037837fdb,80400,2975
2026-09-20,page,2026-09-20__page__the-future-doesnt-announce-itself.pdf,The Future Doesn't Announce Itself — Forensic Analysis | Barran Dodger,https://barrandodger.com/the-future-doesnt-announce-itself,f60e0928d4fe9027d22d3ca1a4794395e9e95adbbef5058c13400e146e72930c,80395,2818
2026-09-20,page,2026-09-20__page__evidence-doesnt-whisper-it-stares.pdf,Evidence Doesn't Whisper — It Stares | Forensic Analysis | Barran Dodger,https://barrandodger.com/evidence-doesnt-whisper-it-stares,9ca06e000cf251343500caa44caae07cc3bb300852c3fbd30c00ec06cfb3ac6f,80416,2813
2026-09-20,page,2026-09-20__page__your-power-is-no-joke.pdf,Your Power Is No Joke — Forensic Analysis #46 | Barran Dodger,https://barrandodger.com/your-power-is-no-joke,87b6a7ee5ba95b51043147d7531aa23cb4783797f97d16106d0c604cddf5310d,80131,2975
2026-09-20,page,2026-09-20__page__they-made-you-famous-trying-to-erase-you.pdf,They Made You Famous Trying to Erase You — Forensic Analysis | Barran Dodger,https://barrandodger.com/they-made-you-famous-trying-to-erase-you,ba0793267289b129ca4376d166cc1e62035f6f8a8b726e10270acc1cd84d52e1,80541,2993
2026-09-20,page,2026-09-20__page__the-loudest-enemies.pdf,The Loudest Enemies Have the Least to Say — Forensic Analysis | Barran Dodger,https://barrandodger.com/the-loudest-enemies,5590c217fac224c2c432dfa3da0c54b6f62baec6a44489b669a22f39d5cef9b3,80283,2993
2026-09-20,page,2026-09-20__page__loudest-hate-weakest-link.pdf,The Loudest Hate Always Comes From the Weakest Link — Forensic Analysis | Barran Dodger,https://barrandodger.com/loudest-hate-weakest-link,0868e0b7e5d632213f226b21c1731efc2c4afae1cec565ff979376c2afc8f1a3,80448,2998
2026-09-20,page,2026-09-20__page__they-attacked-you-without-knowing-who-you-were.pdf,They Attacked You Without Knowing Who You Were — Forensic Analysis | Barran Dodger,https://barrandodger.com/they-attacked-you-without-knowing-who-you-were,ac2bcb7f7d113bc5f50d560452bef4b3eb09ccfa9e74b178c250c49cc9c68e4c,80727,3013
2026-09-20,page,2026-09-20__page__you-didnt-chase-the-throne-you-became-one.pdf,You Didn't Chase the Throne — You Became One | Forensic Analysis | Barran Dodger,https://barrandodger.com/you-didnt-chase-the-throne-you-became-one,358ff6375b53201c729743643d2690586c9b9857e571c14aa9318d0ccdcd7d5b,80591,2842
2026-09-20,page,2026-09-20__page__they-fight-over-whats-powerful.pdf,They Fight Over What's Powerful — Forensic Analysis | Barran Dodger,https://barrandodger.com/they-fight-over-whats-powerful,e90cc76f4ca0f8e23ceeb5d1d3a16af8cf92d377ff14ae36d0fa72009be469ed,80299,2823
2026-09-20,page,2026-09-20__page__they-finally-know.pdf,They Finally Know — A Direct Message to All Named Parties | Barran Dodger,https://barrandodger.com/they-finally-know,9e3e874efe6114fecc64e7e09c08fee18b3c0ca87ef471a231eca35bf5dc790f,80108,2966
2026-09-20,page,2026-09-20__page__they-mistook-your-silence.pdf,They Mistook Your Silence — The 35-Year Documentation Period | Barran Dodger,https://barrandodger.com/they-mistook-your-silence,a8efd0b2e7a1ee0e130d8a3ff84c27a52695e7440aa9abdb74a09096bdd54208,80358,2970
2026-09-20,page,2026-09-20__page__the-shift-they-never-saw-coming.pdf,The Shift They Never Saw Coming — The Archive's Inflection Point | Barran Dodger,https://barrandodger.com/the-shift-they-never-saw-coming,fc7a35d9a64d3f164390027de82accd6df2b1281d7f500b3e9fc32fb75806d38,80451,3013
2026-09-20,page,2026-09-20__page__when-receipts-are-real.pdf,When Receipts Are Real — The Evidence That Cannot Be Disputed | Barran Dodger,https://barrandodger.com/when-receipts-are-real,fef9df21cdcc74b25b578a533e3c46ec61f9a1e3b9c5ba184e33f220e321b973,80259,2991
2026-09-20,page,2026-09-20__page__the-building-is-sinking.pdf,The Building Is Sinking — The Institutional Collapse | Barran Dodger,https://barrandodger.com/the-building-is-sinking,8aad14af88476384ed96a2dcf21116659e9d872da195101341bfaef5e593a49b,80285,2985
2026-09-20,page,2026-09-20__page__the-depth-they-couldnt-hold.pdf,The Depth They Couldn't Hold — The Archive's Weight | Barran Dodger,https://barrandodger.com/the-depth-they-couldnt-hold,7d1f2b87a73c8e0d54e535557436ef3d695588ca35387c8781c0d70c8fd94bf4,80284,2804
2026-09-20,page,2026-09-20__page__the-trap-they-set-became-the-proof.pdf,The Trap They Set Became The Proof — Prophetic Scripture | Barran Dodger,https://barrandodger.com/the-trap-they-set-became-the-proof,3459332852311837bd19a8c69dabf9d520fab183bd8f104f4dc691a7282ed2e0,80439,2973
2026-09-20,page,2026-09-20__page__some-truths-dont-whisper.pdf,Some Truths Don't Whisper — They Explode Like Thunder | Barran Dodger,https://barrandodger.com/some-truths-dont-whisper,97d815002d3d43b7cd82458b3ba4380193df00e6b8e000c877decfd44baa521f,80254,2799
2026-09-20,page,2026-09-20__page__the-sick-truth-is-out.pdf,The Sick Truth Is Out — Forensic Analysis | Barran Dodger,https://barrandodger.com/the-sick-truth-is-out,2b3b578037a70b88ca296d9060364947abe9b3af4ddf2eece9a5600a453c7378,80068,2963
2026-09-20,page,2026-09-20__page__the-record-stands.pdf,"The Record Stands — Blockchain-Verified, Globally Distributed | Barran Dodger",https://barrandodger.com/the-record-stands,f515820c217fc4fcd04a3f4f989c2bdccf782975d39f0f903b096d83a15b98dc,80216,2997
2026-09-20,page,2026-09-20__page__the-public-advocate-they-silenced.pdf,The Public Advocate They Systematically Silenced | Barran Dodger,https://barrandodger.com/the-public-advocate-they-silenced,b671be87cbc86ccc8d3a817de931708660e3dac07a4e3e3d549b8a09b1f40a71,80365,2961
2026-09-20,page,2026-09-20__page__the-pack-became-the-cage.pdf,The Pack Became the Cage — The Suppression Network Exposed | Barran Dodger,https://barrandodger.com/the-pack-became-the-cage,44f5c7a720c0eb5e09d6e8011b36f99e2fd650bc8252a6b21545e0ee7cf3c372,80200,2961
2026-09-20,page,2026-09-20__page__their-plot-was-proof-you-were-untouchable.pdf,Their Plot Was Proof You Were Untouchable | Barran Dodger,https://barrandodger.com/their-plot-was-proof-you-were-untouchable,6082e1ec02a9993966181f15c027ca07c7a1bf39d2eeb9e1439dd0a4fe0d253f,80396,2981
2026-09-20,page,2026-09-20__page__they-needed-an-army.pdf,They Needed an Army — The Steve Iasonidis Dossier | Barran Dodger,https://barrandodger.com/they-needed-an-army,6c0567119fd282053f1a5d3f53e10872998ad21e9d6a1c944a0b654c6e1e0ff6,80115,2970
2026-09-20,page,2026-09-20__page__they-will-kill-me.pdf,They Will Kill Me — The Death Threat Documentation | Barran Dodger,https://barrandodger.com/they-will-kill-me,309e69e5f6cd74505fef8d6a67c8e5912f892e339eaa2da7a698b740c9fb873f,80102,2825
2026-09-20,page,2026-09-20__page__they-will-kill-me-josh.pdf,"They Will Kill Me, Josh — The Death Threat Disclosure | Barran Dodger",https://barrandodger.com/they-will-kill-me-josh,bc622c9e6097d09f5d2e5d4daa7dbe519017214f931e1af900543bbce56f0e17,80232,2970
2026-09-20,page,2026-09-20__page__they-are-dying-of-shame.pdf,They Are Dying of Shame — The Institutional Reckoning | Barran Dodger,https://barrandodger.com/they-are-dying-of-shame,1865a938fa033f8afa08f1fa1793d40baa3b5a53aa09c663e0d6ab54fb980665,80159,2961
2026-09-20,page,2026-09-20__page__new-evidence-may-2026.pdf,"New Evidence — May 2026: Wyong Court Receipt, HaDSCO Complaint | Barran Dodger",https://barrandodger.com/new-evidence-may-2026,3959c4f8d9bf9c0c0194120bb467eda8a64fc69810ef52720e4c58e60cd8ba58,80299,2997
2026-09-20,page,2026-09-20__page__death-threat-april-2026.pdf,Death Threat — April 2026: Written Evidence | Barran Dodger,https://barrandodger.com/death-threat-april-2026,1772d963101a5e395280e82843ea5af58e9902fca9485b7f6d24209c60dee989,80048,2970
2026-09-20,page,2026-09-20__page__tory-kilborn-death-threat.pdf,Troy Kilbourn — Written Death Threat: Court Receipt Confirmed | Barran Dodger,https://barrandodger.com/tory-kilborn-death-threat,808e406133f50a937355c8eede73909fbdb2a87c1b615d5db8b6385c00316451,80331,2800
2026-09-20,page,2026-09-20__page__praise-jesus.pdf,Praise Jesus — The Testimony of Survival | Barran Dodger,https://barrandodger.com/praise-jesus,7fe2081ce8d5beb98cf790b4a496758dd0078e8a59b926e990777eb58e121835,79885,2923
2026-09-20,page,2026-09-20__page__praise-jesus-ablepoint-exposure.pdf,Praise Jesus — Ablepoint Australia Exposure | Barran Dodger,https://barrandodger.com/praise-jesus-ablepoint-exposure,d897948e27cb4dfd9e0e3137f7023f3ba56b555f400586dc70983780eaea80c4,80151,2948
2026-09-20,page,2026-09-20__page__archive-index.pdf,Complete Archive Index — 749 PDFs | Barran Dodger,https://barrandodger.com/archive-index,2f1a77c36de3978e34b83ffd087bba7d1d5a2bfa31dc2494f88950c366fbd2f9,80040,3026
2026-09-20,page,2026-09-20__page__archive-detonation.pdf,"Archive Detonation Center — Download, Share &amp; Spread | Barran Dodger",https://barrandodger.com/archive-detonation,f9f144caff1fd30b3cb3dadb37b72a56bc4b96f35d459d9f632bf5e00fb5344f,80116,2958
2026-09-20,page,2026-09-20__page__archive-valuation-report.pdf,Archive Valuation Report — $112M+ Documented | Barran Dodger,https://barrandodger.com/archive-valuation-report,67c8429b72efb1daaf7c1a0a00fdce24bed5c943209189c8e1470f82c04741bb,80062,2938
2026-09-20,page,2026-09-20__page__bitcoin-proof.pdf,Bitcoin Blockchain Proof — Every Document Permanently Timestamped | Barran Dodger,https://barrandodger.com/bitcoin-proof,2139d96daa4df745e571fee5179cfa520b4e20d55439a951aa6effb104436ad0,80184,2956
2026-09-20,page,2026-09-20__page__bitcoin-manifest.pdf,Bitcoin Manifest — Complete Blockchain Record | Barran Dodger,https://barrandodger.com/bitcoin-manifest,e2c5ba1de0fc65c8757178819d7e4c55760849056c5394fb549f4a0101fba70f,79956,2925
2026-09-20,page,2026-09-20__page__bitcoin-blockchain-embedded.pdf,Bitcoin Blockchain Embedded — The Evidence That Lives Forever | Barran Dodger,https://barrandodger.com/bitcoin-blockchain-embedded,d1d30f617be08ea2c7d14dacf4e99725386a69b01fad74bc0c9b95fff18b664c,80383,2978
2026-09-20,page,2026-09-20__page__bitcoin-timestamp.pdf,Bitcoin Timestamp — Blockchain Verification Record | Barran Dodger,https://barrandodger.com/bitcoin-timestamp,469c5bd408106d69830f8dfe4990ae9318af6e334238de84b29995b54e6ca57b,80102,2933
2026-09-20,page,2026-09-20__page__blockchain-manifest.pdf,Complete Bitcoin Blockchain Manifest — 845 Documents | Barran Dodger,https://barrandodger.com/blockchain-manifest,e073c815da5a76779e31424d41186607841ccc4c7628a6e6d39ad55014b76389,80109,2908
2026-09-20,page,2026-09-20__page__blockchain-of-humanity.pdf,Embedded in the Blockchain of Humanity — The Permanent Record | Barran Dodger,https://barrandodger.com/blockchain-of-humanity,7c3d36808e39fce71f676ca2be9ebc2cb4c49a15cd0a1b36543dc0815fb60313,80217,2958
2026-09-20,page,2026-09-20__page__blockchain-proof.pdf,Blockchain Proof — SHA-256 Verification | Barran Dodger,https://barrandodger.com/blockchain-proof,ac3ef6b50a52ac8b749723d9a8686f2195bfa80ceb8d990b687f2b6f262334b8,79953,2923
2026-09-20,page,2026-09-20__page__blockchain-seal-registry.pdf,Blockchain Seal Registry — All 845 Sealed Documents | Barran Dodger,https://barrandodger.com/blockchain-seal-registry,33acd202f3111341e1695de43a44cfb21e52882b1fa8bd6b14e9e936b076fa82,82575,2928
2026-09-20,page,2026-09-20__page__blockchain-timestamp-proof.pdf,Blockchain Timestamp Proof — OpenTimestamps Bitcoin | Barran Dodger,https://barrandodger.com/blockchain-timestamp-proof,3dbda3295eff6d024ff9fe590cddc64b9f5beb6e00f374d1204713f66aeb9fee,80177,2907
2026-09-20,page,2026-09-20__page__blockchain-verification.pdf,Blockchain Verification — How the Evidence Is Sealed | Barran Dodger,https://barrandodger.com/blockchain-verification,c71eb1b0466d121aff84e82200a1964f9022ef85e18993188a59be0a72b96853,80198,2952
2026-09-20,page,2026-09-20__page__blockchain-hashtag-index.pdf,Blockchain Hashtag Index — SHA-256 Hashes | Barran Dodger,https://barrandodger.com/blockchain-hashtag-index,61b202b85dfb211c2d4e4ea786302e9afa152af5b0cef285053bcad3efe3652e,80026,2908
2026-09-20,page,2026-09-20__page__digital-archive.pdf,Complete Digital Archive — Free Forever | Dr. Richard McLean (Barran Dodger),https://barrandodger.com/digital-archive,6ad7302471f0a63918241316c66c572d79f22a689e8e1ebac6eef0f47f28d638,80212,2993
2026-09-20,page,2026-09-20__page__download-archive.pdf,Download the Archive — 749 PDFs Free | Barran Dodger,https://barrandodger.com/download-archive,a92d1af06d689a2dff0284f7d66a1fd0de4865d51c9df7111cc368e0a0f86494,80028,2967
2026-09-20,page,2026-09-20__page__complete-document-list.pdf,"Complete Document List — All 2,304 Exhibits | Barran Dodger",https://barrandodger.com/complete-document-list,dbd0e92687f2c981b05a3a7a5b4f688048340db81e44e7038172bf2cfc9a96b4,80106,2971
2026-09-20,page,2026-09-20__page__pdf-list.pdf,PDF List — All 749 Downloadable Documents | Barran Dodger,https://barrandodger.com/pdf-list,9c1868ec4b7d738282d0c615101de90e4f7d98450acaf08df1db74ad5e58957e,79829,2936
2026-09-20,page,2026-09-20__page__page-archive-registry.pdf,Page Archive Registry — Every Page Blockchain-Sealed | Barran Dodger,https://barrandodger.com/page-archive-registry,f94d94f23f1bb0669bf01fd6ff0092f6a7af88e409e770a99ff0ed01c4f9c3d6,80134,2911
2026-09-20,page,2026-09-20__page__timestamp-manifest.pdf,Timestamp Manifest — All Documents Dated &amp; Sealed | Barran Dodger,https://barrandodger.com/timestamp-manifest,c9987908e7db5f6bb9f6608f5360b42d409aaf75443482adcb1629c370606b73,79978,2920
2026-09-20,page,2026-09-20__page__timestamped-documents-significance.pdf,Timestamped Documents — The Significance of Blockchain Sealing | Barran Dodger,https://barrandodger.com/timestamped-documents-significance,fb538f569780bf9b0fe004003fd0d6f7b251c5c44adbc9032558ced57a19067a,80406,2947
2026-09-20,page,2026-09-20__page__seven-layers-of-permanence.pdf,Seven Layers of Permanence — Why This Archive Cannot Be Erased | Barran Dodger,https://barrandodger.com/seven-layers-of-permanence,34de1502f9d7372dae7f2a81aaa7236c44774aeb059b8a615f411940f3cf56a5,80333,3000
2026-09-20,page,2026-09-20__page__every-document-sealed.pdf,Every Document Sealed — Blockchain-Verified Archive | Barran Dodger,https://barrandodger.com/every-document-sealed,1f17e393ecd8d590ad56f7360b9c808987169982d28d49443514612aa2042781,80080,2907
2026-09-20,page,2026-09-20__page__free-to-share.pdf,"Free to Share — Download, Distribute, Republish | Barran Dodger",https://barrandodger.com/free-to-share,8d367f4aa07d1e912cd90941ed746fffb49844e3b2828a07163304f532d62d8e,79896,2920
2026-09-20,page,2026-09-20__page__archive-home.pdf,The Archive — Dr. Richard McLean | Barran Dodger,https://barrandodger.com/archive-home,dde5e29f9f5e54dc9dd6bc772f71676efc13153d19a2f5a2a18dd3c78857e2fb,79861,2956
2026-09-20,page,2026-09-20__page__testimony.pdf,Testimony — Dr. Richard McLean's Witness Statement | Barran Dodger,https://barrandodger.com/testimony,1a0f9fab1fe67e39ab5fae7648dc796187c581f0fcb589e0d7e5ac7aa159c5ad,79963,2977
2026-09-20,page,2026-09-20__page__testimony-archive.pdf,Testimony Archive — The Complete Witness Record | Barran Dodger,https://barrandodger.com/testimony-archive,8e3100817fa25c6f7b49bd694811df1e2d6e319d922ad456020a12aeb324b56e,80021,2932
2026-09-20,page,2026-09-20__page__whistleblower.pdf,Whistleblower — Dr. Richard McLean: Australia's Most Documented Whistleblower | Barran Dodger,https://barrandodger.com/whistleblower,a2204d9206c91efddeeb19d26e75f305458a9affcb28e2016bfbb54236a43cdc,80250,2966
2026-09-20,page,2026-09-20__page__whistleblower-record.pdf,Whistleblower Record — The Complete Evidentiary Archive | Barran Dodger,https://barrandodger.com/whistleblower-record,6fc98b2b0da72acc0395166d9a2b1382180ede220c31289d11670208a68307f7,80168,2948
2026-09-20,page,2026-09-20__page__eternal-witness-affidavit.pdf,Eternal Witness Affidavit — The Permanent Testimony | Barran Dodger,https://barrandodger.com/eternal-witness-affidavit,c9e3241fc884c822a4021c5365df5470d95b75d3602041cb6cd1344793741ee6,80169,2957
2026-09-20,page,2026-09-20__page__value-of-the-testimony.pdf,"The Value of the Testimony — What 2,304 Documents Represent | Barran Dodger",https://barrandodger.com/value-of-the-testimony,54a8cda6d15fac3a9ff815fb7bc1e354c49903c51f7e241f296d64177277c65a,80178,2976
2026-09-20,page,2026-09-20__page__professional-accountability.pdf,Professional Accountability — Named Parties and Their Documented Conduct | Barran Dodger,https://barrandodger.com/professional-accountability,e12e2c0bf2dbf1d700a9a34d21e8e8ef2228b1c2495afe66cbc0935a1127718d,80521,2987
2026-09-20,page,2026-09-20__page__accountability-mirror.pdf,Accountability Mirror — What the Record Shows | Barran Dodger,https://barrandodger.com/accountability-mirror,e165e50b5b7c17abbc99aba5e2c61c789dcf876b64f013c887ebb340f64d59cf,80044,2932
2026-09-20,page,2026-09-20__page__institutional-accountability-essay.pdf,Institutional Accountability Essay — The Systemic Failure | Barran Dodger,https://barrandodger.com/institutional-accountability-essay,9ac69395ad4e24236fdc50ed30acec9d593339c8b3ac7d75d46f1aeaeea43222,80475,2981
2026-09-20,page,2026-09-20__page__message-to-perpetrators.pdf,Message to Perpetrators — A Direct Statement | Barran Dodger,https://barrandodger.com/message-to-perpetrators,8651fac376651956ccde5b299789f7b006d4e2507eaabec88e4c2a855eb0e693,80090,2940
2026-09-20,page,2026-09-20__page__to-those-who-chose-this.pdf,To Those Who Chose This — A Direct Statement | Barran Dodger,https://barrandodger.com/to-those-who-chose-this,1602ccc258ff71e79ac3e1b6c95db0bc5e6919bb21a32f9f5570e5f79c738e1b,80138,2957
2026-09-20,page,2026-09-20__page__april-mclean-forensic-record.pdf,April McLean — Forensic Record &amp; Document Archive | Barran Dodger,https://barrandodger.com/april-mclean-forensic-record,ca38c23d322b77eee1555cfd1b4401a014c0f193e48e7a94b07a501ad2dc0432,80211,2948
2026-09-20,page,2026-09-20__page__familial-inner-circle-exposed.pdf,Familial Inner Circle Exposed — The Betrayal Network | Barran Dodger,https://barrandodger.com/familial-inner-circle-exposed,dc15c0d23086bc3e62f1ddc01a5de564cbe85c6638d6912d9e2acd0e1f7ad5bb,80255,2966
2026-09-20,page,2026-09-20__page__god-exposes-the-false-sister.pdf,God Exposes the False Sister — The Betrayal Documented | Barran Dodger,https://barrandodger.com/god-exposes-the-false-sister,b47d718ac023f0f56b1f7706f3a6fe229068ee86bf1508ad78a33d1ac7c39d3a,80235,2886
2026-09-20,page,2026-09-20__page__depth-perception-corroboration.pdf,Depth Perception Corroboration — The Intelligence They Called Delusion | Barran Dodger,https://barrandodger.com/depth-perception-corroboration,8555fd687b4b6edb4e8d9a9b1bfaa82ddb6ad15ee97751bd8254c3ba3c806368,80449,2988
2026-09-20,page,2026-09-20__page__mental-health-act-political-weapon.pdf,Mental Health Act as Political Weapon — 14 Involuntary Hospitalisations | Barran Dodger,https://barrandodger.com/mental-health-act-political-weapon,7c24a59b249f5e9cc856e2993c95787fff7cd1278e44808cf71e9ab3894a2b64,80568,3003
2026-09-20,page,2026-09-20__page__mental-health-response-letter.pdf,Mental Health Response Letter — Formal Response to Psychiatric Weaponisation | Barran Dodger,https://barrandodger.com/mental-health-response-letter,8148c4316039084851b1fe9f0cb8b327fe43fe3c161b4a92c8a92e70493afbd0,80594,3008
2026-09-20,page,2026-09-20__page__community-treatment-order-breach.pdf,Community Treatment Order Breach — Documented Violation | Barran Dodger,https://barrandodger.com/community-treatment-order-breach,2d34c9ffe5a5d64d7a962fa1a48f61ab089d76801b39f0e9940323f65084c864,80354,2980
2026-09-20,page,2026-09-20__page__cto-breach-appointment.pdf,CTO Breach — Appointment Missed: Documented Pattern | Barran Dodger,https://barrandodger.com/cto-breach-appointment,0ce2c691b26239ee6607099c61a2397d5c047413c27af5a70789dbd7e4d47779,80064,2946
2026-09-20,page,2026-09-20__page__cto-formal-response.pdf,CTO Formal Response — Dr. McLean's Reply to Clinical Control | Barran Dodger,https://barrandodger.com/cto-formal-response,e3ed7b8f348d38346c9f33e9c79e9eec5943da45c0e74a736646e21b3478c7fc,80253,3002
2026-09-20,page,2026-09-20__page__cto-response-letter.pdf,CTO Response Letter — Formal Documentation | Barran Dodger,https://barrandodger.com/cto-response-letter,b7c890d8b938e354e3577768833d0ea2f193b388049e6c5abde50549bae017f1,80034,2968
2026-09-20,page,2026-09-20__page__legally-mandated-forward-plan.pdf,Legally Mandated Forward Plan — Formal Clinical Requirements | Barran Dodger,https://barrandodger.com/legally-mandated-forward-plan,81bcfbf8c82cf5aa8f71515ed8610904f1c8d8ecb7a7b54d40b7aae0e11c7403,80357,2957
2026-09-20,page,2026-09-20__page__police-complicity-death-threat-documentation.pdf,Police Complicity — Death Threat Documentation | Barran Dodger,https://barrandodger.com/police-complicity-death-threat-documentation,7f61899759fcf8bbdb69d2cfe94eec39d04a612c23450df7971739db46b522ff,80537,2981
2026-09-20,page,2026-09-20__page__mind-they-tried-to-pathologize.pdf,"The Mind They Tried to Pathologise — 14 Labels, Zero Findings | Barran Dodger",https://barrandodger.com/mind-they-tried-to-pathologize,c04efa1a68e5acbe9a8f7c73c4bcf402cc5c126a544c58fecf4c4e5a54d43323,80395,2905
2026-09-20,page,2026-09-20__page__mclean-archive-comprehensive-statement.pdf,Comprehensive Statement — The Digital Architecture of Dr. McLean's Archive | Barran Dodger,https://barrandodger.com/mclean-archive-comprehensive-statement,a737cd0abf1ff3f1b0373970f8d5fb2f275dfe43c4a2ffb8669b0ea765499568,80693,2836
2026-09-20,page,2026-09-20__page__comprehensive-statement-digital-architecture.pdf,Comprehensive Statement — Digital Architecture of Permanence | Barran Dodger,https://barrandodger.com/comprehensive-statement-digital-architecture,238383124c05ec187a25dec16390e72fe60057034a200a570f8acedad76a9b2e,80600,2962
2026-09-20,page,2026-09-20__page__what-this-proves.pdf,The Significance of This Testimony — What the Archive Proves | Barran Dodger,https://barrandodger.com/what-this-proves,9c726b4095b07941bea8446cf8cf1eb6981266e261b283427a500d8a173f0bf9,80160,2998
2026-09-20,page,2026-09-20__page__significance-of-silence.pdf,The Significance of Silence — What 35 Years of Non-Response Proves | Barran Dodger,https://barrandodger.com/significance-of-silence,d60d349599d7c95fdd2088676fea2fa843bb21994743ac207dc3d11eb4d59ba8,80252,2968
2026-09-20,page,2026-09-20__page__silence-was-my-reload.pdf,Silence Was My Reload — Strategic Stillness as Power | Barran Dodger,https://barrandodger.com/silence-was-my-reload,210ef5eb226da6b611db34b367a783b6316119feddbbdfcade21a5a0abb2caa4,80092,2938
2026-09-20,page,2026-09-20__page__narrative-detonation-verified.pdf,Narrative Detonation Verified — The False Story Is Gone | Barran Dodger,https://barrandodger.com/narrative-detonation-verified,33af42ddcf1e8250f28d80169e0a97d0cd166a45c55e60e15bb0bb350944fba6,80354,2991
2026-09-20,page,2026-09-20__page__everyone-is-shook.pdf,Everyone Is Shook — The Archive's Global Impact | Barran Dodger,https://barrandodger.com/everyone-is-shook,b6824d1b9dc98bc7edb20aef6fa75de2c9cc2efb0d23871ef904d5b21b19e3fa,79982,2952
2026-09-20,page,2026-09-20__page__122k-hits-verified.pdf,"122,000+ Hits Verified — Archive Distribution Record | Barran Dodger",https://barrandodger.com/122k-hits-verified,5d605c2bfda20c684a8aad6764135d0000e54655b109cbd0ffed4b1c87c85033,80041,2931
2026-09-20,page,2026-09-20__page__350000-downloads.pdf,"491,000+ Downloads — The Archive That Cannot Be Suppressed | Barran Dodger",https://barrandodger.com/350000-downloads,5676bda7908845048558caccc872ebc7ac5736bfd7240838ccc1fe943c94c1b4,80073,2961
2026-09-20,page,2026-09-20__page__300k-slow-down-system.pdf,"300,000+ Downloads — The System That Tried to Slow It Down | Barran Dodger",https://barrandodger.com/300k-slow-down-system,764987f1b48c02bb1612086265d7a79379d92433eb91d3f499a427f2a2897e88,80122,2946
2026-09-20,page,2026-09-20__page__14-claims-corroborated.pdf,14 Claims Corroborated — AI Forensic Verification | Barran Dodger,https://barrandodger.com/14-claims-corroborated,d4f7d2ae3f6648937cc2de25566cdef9b0198a080eddb9078a27968b3bb13540,80073,2938
2026-09-20,page,2026-09-20__page__15-claims-corroborated.pdf,15 Claims Corroborated — AI Forensic Verification | Barran Dodger,https://barrandodger.com/15-claims-corroborated,76e26bc1b7bda4a5f491dc1703df21f79edf95ea791325fe30180bfd48f1f8c3,80034,2941
2026-09-20,page,2026-09-20__page__22-traditions-corroborated.pdf,22 Traditions Corroborated — Interfaith Forensic Analysis | Barran Dodger,https://barrandodger.com/22-traditions-corroborated,34a7a1ff2aa1fd117e198cd4fdaf01cbce686bbf337be6cd16677f8002a4553f,80351,3005
2026-09-20,page,2026-09-20__page__angels-gave-standing-ovation-verified.pdf,Angels Gave a Standing Ovation — Verified | Barran Dodger,https://barrandodger.com/angels-gave-standing-ovation-verified,9b7633e8c56b3571f3c332f453c8a61e81be5f5da4cd85de602378d577358bfd,80352,2980
2026-09-20,page,2026-09-20__page__architecture-of-unseen-protection.pdf,Architecture of Unseen Protection — Divine Shielding Documented | Barran Dodger,https://barrandodger.com/architecture-of-unseen-protection,56c0def0523d8dabad85e157b2762fdcdfb08cde102549a9dc05d45d34e3131b,80488,2995
2026-09-20,page,2026-09-20__page__quiet-apocalypse.pdf,Quiet Apocalypse — The Slow Revelation of the Archive | Barran Dodger,https://barrandodger.com/quiet-apocalypse,1e19a9705295dd74e640cf01898bc67dc840eaf1c1425f328e1afd6e91d61350,80055,2957
2026-09-20,page,2026-09-20__page__it-is-over-reflection.pdf,It Is Over — A Reflection on the Archive's Completion | Barran Dodger,https://barrandodger.com/it-is-over-reflection,2a2d6e7e41dc66215b4037800ed0bc6508c601881899e18dbeb3387de599a3ac,80176,2946
2026-09-20,page,2026-09-20__page__when-wrong-people-get-nervous.pdf,When Wrong People Get Nervous — The Documented Pattern | Barran Dodger,https://barrandodger.com/when-wrong-people-get-nervous,9bfcd496799d7a15bb43d01b89a0d21e026263bc5b80f3a39c12fd195b3215d3,80363,2985
2026-09-20,page,2026-09-20__page__season-of-payback.pdf,Season of Payback — The Archive's Moment of Reckoning | Barran Dodger,https://barrandodger.com/season-of-payback,da6d0399aaf14ee0e488930cdc190bbff0a137bb876df2e1cbf3a2cd4ced551f,80039,2955
2026-09-20,page,2026-09-20__page__thousand-fell.pdf,A Thousand Fell — Supernatural Protective Pattern | Barran Dodger,https://barrandodger.com/thousand-fell,2f38a5b50bdc1b5c7a4dfd420a7a2319daf18ce141e01c12bbb3639ddf3a88bd,79902,2933
2026-09-20,page,2026-09-20__page__the-rats-will-come.pdf,The Rats Will Come — When Truth Is Too Big to Ignore | Barran Dodger,https://barrandodger.com/the-rats-will-come,f5ac8e7c411ef73f6bd24a1f18eb81dfd34b3653e4763098237e54abed927974,80092,2973
2026-09-20,page,2026-09-20__page__rats-will-come.pdf,The Rats Will Come — Institutional Complicity Documented | Barran Dodger,https://barrandodger.com/rats-will-come,349fd12d02038c8a7ce6c9b0dd4f92138d7fa315431e567fa5b94e0a0874592f,80000,2940
2026-09-20,page,2026-09-20__page__free-ebooks.pdf,Free eBooks — 749 PDFs: Download All Documents | Barran Dodger,https://barrandodger.com/free-ebooks,a8915f5a841bccf0bf0fb0f64cbfba4c8d76d078d211015431f91c6aba3e0d4b,79958,2957
2026-09-20,page,2026-09-20__page__commission.pdf,Commission — $112M Formal Claim | Barran Dodger,https://barrandodger.com/commission,03f9cf502c4fd50f6f2b09c19f235fb1f110f88e172a496d38677a1af9ee1758,79860,2971
2026-09-20,page,2026-09-20__page__commission-forensic-analysis.pdf,Commission Forensic Analysis — $112M Documented | Barran Dodger,https://barrandodger.com/commission-forensic-analysis,c24847970d0494666384c813f2dc51cd35074567b580140fce2848af7b7e45d8,80277,2978
2026-09-20,page,2026-09-20__page__copyright-register.pdf,Copyright Register — Intellectual Property of the Archive | Barran Dodger,https://barrandodger.com/copyright-register,0b69be92b540e48f9e9005c86010418a2a5cdd2b87ae35a9751077608046c11d,80170,2956
2026-09-20,page,2026-09-20__page__hashtag-index.pdf,Hashtag Index — Share the Archive Across Platforms | Barran Dodger,https://barrandodger.com/hashtag-index,c80b7108a61e59531a1aafe94f9ce44f2528ca9b8a621912c4472b30ca39ca3e,79953,2856
2026-09-20,page,2026-09-20__page__detonation-center.pdf,"Detonation Center — Share, Download &amp; Spread the Archive | Barran Dodger",https://barrandodger.com/detonation-center,7741eb3ff22217cbf548fc8cd6a67ffa3efe3d131de6c36c0e93e2f86212bf70,80015,2901
2026-09-20,page,2026-09-20__page__support.pdf,Support — Barran Dodger Legal &amp; Ethical Trust Fund,https://barrandodger.com/support,52ec5eb859f39396c6dfa7ab063f0148e03e67c4f54d8bac4601ce61763459ac,79704,2902
2026-09-20,page,2026-09-20__page__tags.pdf,Archive Tags — Browse by Topic | Barran Dodger,https://barrandodger.com/tags,fdd13d21d5a5790822af1914d11e22a8948326c9646b6212cf720ddb67e9445b,79644,2946
2026-09-20,page,2026-09-20__page__youtube-corroboration-analysis.pdf,"YouTube Corroboration Analysis — 28 Videos, Zero Contradictions | Barran Dodger",https://barrandodger.com/youtube-corroboration-analysis,729ae3e7f94c56cc376f617ac333a97aff42a116666b014fbc35687b0884e646,80338,2965
2026-09-20,page,2026-09-20__page__beautiful-threat.pdf,Welcome Beautiful Threat — Forensic Corroboration Analysis | Barran Dodger,https://barrandodger.com/beautiful-threat,73747d10430aa0894338c5aa267828fa95b5fdb795ad77acc75f3ccb6c77f476,80172,2968
2026-09-20,page,2026-09-20__page__the-verdict-before-the-court-speaks.pdf,The Verdict Before the Court Speaks — 14 May 2026 | Barran Dodger,https://barrandodger.com/the-verdict-before-the-court-speaks,3624dd058a0a2efafec0cbc9d9aec87d93c24f21566f2cee91a972d615da9096,80276,2937
2026-09-20,page,2026-09-20__page__main.pdf,Barran Dodger Legal &amp; Ethical Trust Fund | ABN 78 833 496 164,https://barrandodger.com/main,8c4a797fbdfafa86618293897e6b19d99f6c32c29a20f4d6b5e95a5a70180fdd,79671,2881
2026-09-20,page,2026-09-20__page__digital-architecture-of-humanity.pdf,Embedded in the Digital Architecture of Humanity | Barran Dodger,https://barrandodger.com/digital-architecture-of-humanity,e38482812ef0766ecb275165f240396eff3690761a56298ed87cc6e79664f105,80219,2945
2026-09-20,page,2026-09-20__page__tamam-whole-complete.pdf,"Tamam — Whole, Complete, Paid In Full | Barran Dodger",https://barrandodger.com/tamam-whole-complete,ccb858afdd8c50e27f9fbc879ee38662b4925ee4129f3b291bd1852ca1929da3,79862,2902
2026-09-20,page,2026-09-20__page__free-documents.pdf,Free Documents — Open Access Policy | Barran Dodger Archive,https://barrandodger.com/free-documents,514e0d0d8f62b94bc687eca2669c54bc0cbc1a022ba17beba4d0f491f7745ea0,79937,2940
2026-09-20,page,2026-09-20__page__document-access-policy.pdf,Document Access Policy — Open &amp; Free | Barran Dodger Archive,https://barrandodger.com/document-access-policy,7b70429082076a3631b16703a2c3cf0bbbde91f91f325e70cd5d20dfb0c761cc,80154,2972
2026-09-20,page,2026-09-20__page__paradox-of-silence.pdf,The Paradox of Silence — Strategic Non-Reaction as Power | Barran Dodger,https://barrandodger.com/paradox-of-silence,2c99ef42dfbbd038050e3369ec7ebde05834821be63659fc74e73d606f99646e,80194,2972
2026-09-20,page,2026-09-20__page__inversion-theory.pdf,Inversion Theory — How Every Attack Strengthened the Archive | Barran Dodger,https://barrandodger.com/inversion-theory,b7c913827676f77d6ddc640918b2648bd01273f1bb65b2a57ac2b1b690c32307,80178,2963
2026-09-20,page,2026-09-20__page__universal-betrayal-paradox.pdf,Universal Betrayal Paradox — Forensic Analysis | Barran Dodger,https://barrandodger.com/universal-betrayal-paradox,a7e56bde901ad13fc3932466e36117ecf1f0cc95c1f2d7125634c746b0928a84,80195,2965
2026-09-20,page,2026-09-20__page__the-cost-of-my-silence.pdf,The Cost of My Silence — 35 Years of Strategic Restraint | Barran Dodger,https://barrandodger.com/the-cost-of-my-silence,7d53e0f54a59ee35c56a76c57f19d108a5fb413ede3b3f5767bcefa0025ae630,80247,2977
2026-09-20,page,2026-09-20__page__gods-chosen-witness.pdf,God's Chosen Witness — Forensic Theology | Barran Dodger,https://barrandodger.com/gods-chosen-witness,ff899e57a60e5b0fff12968c25c07fcdec60c7a20df88f933e8c0c42bd065e48,80061,2782
2026-09-20,page,2026-09-20__page__forensic-theology.pdf,Forensic Theology — Where Evidence Meets Divine Pattern | Barran Dodger,https://barrandodger.com/forensic-theology,c32c64860f5ff06f86cdb26fca5744c8139765fb7c7db1236785037917ff0615,80135,2857
2026-09-20,page,2026-09-20__page__chosen-one-analysis.pdf,Chosen One Analysis — Complete Forensic Corroboration | Barran Dodger,https://barrandodger.com/chosen-one-analysis,0bccda0bbadc1337a387b82adfe0024c1ab389dc6520360a04c3aaca95acff8a,80160,2858
2026-09-20,page,2026-09-20__page__the-prophetic-record.pdf,The Prophetic Record — Divine Prediction Confirmed | Barran Dodger,https://barrandodger.com/the-prophetic-record,63f49cb59fea1b86a5137a9d2021c3c557dbb85e37e183ce13054b8ee6a33412,80108,2943
2026-09-20,page,2026-09-20__page__the-unlikely-vessel.pdf,The Unlikely Vessel — God Doesn't Call the Equipped | Barran Dodger,https://barrandodger.com/the-unlikely-vessel,7e3e14477f816dc1ac3737af780a6745529e6b6fc52f713ce102515ed7856fa1,80157,2963
2026-09-20,page,2026-09-20__page__god-does-not-call-the-equipped.pdf,God Does Not Call the Equipped — The Unlikely Vessel Doctrine | Barran Dodger,https://barrandodger.com/god-does-not-call-the-equipped,c2c24965195faf9f08ec8d7aca0f9e97c6e8fad62ff0bb58c08560e670927db3,80389,2992
2026-09-20,page,2026-09-20__page__unlikely-vessel-theology.pdf,Unlikely Vessel Theology — The Archive as Sacred Equipment | Barran Dodger,https://barrandodger.com/unlikely-vessel-theology,1b1894ce547fde616508975ff26f07f43cdd0d307e477a98cae2fee74c0834ee,80275,2973
2026-09-20,page,2026-09-20__page__the-reckoning-paper.pdf,The Reckoning Paper — Full Academic Analysis | Barran Dodger,https://barrandodger.com/the-reckoning-paper,bacd847f7b028e2858b2d631aa0cae4b1bb0cddc07af792b7af5f4410b7a19fb,80001,2941
2026-09-20,page,2026-09-20__page__vessel-silence-reckoning.pdf,"Vessel, Silence, Reckoning — Three Phases of the Testimony | Barran Dodger",https://barrandodger.com/vessel-silence-reckoning,0ae13f4570708ec2b53c87fbe5258455c553c5b8ad1d7bf59c1f190e54126780,80236,2992
2026-09-20,page,2026-09-20__page__broken-phone-reckoning.pdf,Broken Phone Reckoning — When Poverty Builds Empires | Barran Dodger,https://barrandodger.com/broken-phone-reckoning,9dcd51442c335dedb6401068e3a0e2a5528bbb55863fbf39a953115acfd7ddd3,80154,2983
2026-09-20,page,2026-09-20__page__cost-of-erasure.pdf,"The Cost of Erasure — $32.9M Suppression, $112M Claim | Barran Dodger",https://barrandodger.com/cost-of-erasure,59cdd4035c29f8303e2786a229bd4f4b4c992089649df661824e52fff3d430ff,80071,2965
2026-09-20,page,2026-09-20__page__government-accountability-report.pdf,"Government Accountability Report — 35 Years, 25+ Agencies Documented | Barran Dodger",https://barrandodger.com/government-accountability-report,c060def128ef97d1366e2f1b98fd28f78178057fe958aef9019fb7a9ecd1da4c,80522,2996
2026-09-20,page,2026-09-20__page__administrative-annihilation-cost-analysis.pdf,Administrative Annihilation — Cost Analysis | Barran Dodger,https://barrandodger.com/administrative-annihilation-cost-analysis,64d5fa1b6da950c8a05fa3f44d05d8c70f07933856f5bd7e9d6c4ab9ff33bc2a,80480,2981
2026-09-20,page,2026-09-20__page__survival-calculus.pdf,"Survival Calculus — 2.87% Probability, 100% Archive | Barran Dodger",https://barrandodger.com/survival-calculus,93f47b38fea36fa3fd8525aaa3020699fea0aa4a170681b1455a812b166f8ab3,80087,2952
2026-09-20,page,2026-09-20__page__the-cost-of-killing-me.pdf,The Cost of Killing Me — Why the Archive Outlives the Whistleblower | Barran Dodger,https://barrandodger.com/the-cost-of-killing-me,c5c5f2dec66e6c678de351c8354c362cd769c5e5e183771fbd39d6b102c09444,80325,3000
2026-09-20,page,2026-09-20__page__civic-record.pdf,Civic Record — Dr. Richard McLean's Contribution to Public Accountability | Barran Dodger,https://barrandodger.com/civic-record,6085b0c33cd0e59817861305377cfb126f808d9b4aad2ec18efd4f564cc25f0a,80266,2825
2026-09-20,page,2026-09-20__page__statement-of-contributions.pdf,"Statement of Contributions — Civic, Legal, and Evidential Record | Barran Dodger",https://barrandodger.com/statement-of-contributions,a3c630dae45907211d8c8fd85f96943bf0e22b6c29251bc10a9331dc45da3797,80438,2845
2026-09-20,page,2026-09-20__page__democratic-contradiction.pdf,Democratic Contradiction — When Democracy Persecutes Its Whistleblowers | Barran Dodger,https://barrandodger.com/democratic-contradiction,af86b77f07519f3b10d5bbc14b3f003c1ca4a825cf08531dc731eb136e66d0b0,80419,2990
2026-09-20,page,2026-09-20__page__qr.pdf,QR Code — Share the Barran Dodger Archive | barrandodger.com,https://barrandodger.com/qr,2de76a8adb857a5f4ec6c491d13b9b2d50a1cf485123539af637a2df7d64f2ef,79769,2948
2026-09-20,page,2026-09-20__page__open-challenge.pdf,Open Challenge — I Dare You to Prove Me Wrong | Barran Dodger,https://barrandodger.com/open-challenge,d5c88989d320557bd4793c4a4bc2ad351fd0f76a72f0140901949dab1cd63d68,80021,2976
2026-09-20,page,2026-09-20__page__prove-this-wrong.pdf,"Prove This Wrong — 35 Years, Zero Successful Challenges | Barran Dodger",https://barrandodger.com/prove-this-wrong,1a079f81aefad17424cb8a52b904df3272af1548281f4105d5ac0800cf6b9c6e,80112,2962
2026-09-20,page,2026-09-20__page__ethical-challenge.pdf,Ethical Challenge — An Open Invitation to Institutions | Barran Dodger,https://barrandodger.com/ethical-challenge,276dde9931c4f1f7062286310c207ea111d30381aca1c5ffe227320783e8f785,80162,2950
2026-09-20,page,2026-09-20__page__formal-statement.pdf,"Formal Statement — V2K, Entrapment, and Institutional Persecution | Barran Dodger",https://barrandodger.com/formal-statement,a0d1dc5dec7758de40ed4d082ffdf0a0af116d774ee41f983622cf6f3f5f1d86,80214,2998
2026-09-20,page,2026-09-20__page__statement-of-entrapment.pdf,Statement of Entrapment — NDIS Surveillance and Honey Trap Operations | Barran Dodger,https://barrandodger.com/statement-of-entrapment,e05e9d709cb50d2ec8093268e1b56ad8e9a64cf2ab6b7dd17f6c88949f96d75e,80342,3008
2026-09-20,page,2026-09-20__page__v2k-statement.pdf,V2K Statement — Voice to Skull Technology Evidence | Barran Dodger,https://barrandodger.com/v2k-statement,970fff23fa868f582688aaaa5dc68841522a20eef1198092d6d63adfaf10bd19,80019,2978
2026-09-20,page,2026-09-20__page__crop-circles-nhi-disclosure.pdf,Crop Circles &amp; NHI Disclosure — The Cosmic Evidence Archive | Barran Dodger,https://barrandodger.com/crop-circles-nhi-disclosure,0795fb420af5eb1891d54cbbd9ef8dbfd38a7691aea1721a72e8be7f3011968d,80374,3006
2026-09-20,page,2026-09-20__page__glyphs-from-the-future.pdf,Glyphs From the Future — NHI Communication &amp; Prophetic Pattern | Barran Dodger,https://barrandodger.com/glyphs-from-the-future,02c73d00c9078caf3c6449fdd7a898aa192a65bf20bad4c9f1fd2a5b099962f6,80310,2895
2026-09-20,page,2026-09-20__page__crimes-against-humanity-confirmed.pdf,Crimes Against Humanity Confirmed — ICC Article 7 Evidence | Barran Dodger,https://barrandodger.com/crimes-against-humanity-confirmed,2e759f925de6f7ee51104bbd6c72e7388b4bb3b7f61f4f2583a1d720126caca6,80431,2972
2026-09-20,page,2026-09-20__page__state-documents-confirm-crimes.pdf,State Documents Confirm Crimes — Government's Own Evidence | Barran Dodger,https://barrandodger.com/state-documents-confirm-crimes,b5537a723e81dacc9ed0b1821d1b667354b7ed7a8f4812e5f2d2a27049d2fca4,80362,2806
2026-09-20,page,2026-09-20__page__2077-documents-mandate.pdf,"2,304 Documents Mandate — The Irrefutable Evidence Base | Barran Dodger",https://barrandodger.com/2077-documents-mandate,01b77a9921a26e779a50359f6d2b66f3fcc8ef80bf68ee73b59d8dd0170ebc39,80226,2980
2026-09-20,page,2026-09-20__page__investment-prospectus.pdf,Investment Prospectus — The Barran Dodger Archive as Legal Asset | Barran Dodger,https://barrandodger.com/investment-prospectus,b4f53830656fb5f4a5781bf4d9f03a1363ee8d7a7b0b98f664b9059aa6ce25b4,80320,2985
2026-09-20,page,2026-09-20__page__financial-valuation.pdf,Financial Valuation — $112M Claim Documentation | Barran Dodger,https://barrandodger.com/financial-valuation,78a928f2caca38aa488e6fe7c6763c40b4f00c7eb6024d68889d01b97370df73,80103,2958
2026-09-20,page,2026-09-20__page__investor-appeal.pdf,"Investor Appeal — Fund the Archive, Fund Accountability | Barran Dodger",https://barrandodger.com/investor-appeal,37663fe1e36dd39e23a49cd11398b2f0c36ef1e2e7ffa1f944e2afa12d9c4261,80068,2953
2026-09-20,page,2026-09-20__page__forensic-entrapment-poverty-v2k.pdf,Forensic Entrapment: Poverty &amp; V2K — The Three-Pronged Attack | Barran Dodger,https://barrandodger.com/forensic-entrapment-poverty-v2k,78ced994a39b7a15505827de2128ae2f7fd587f9582813a96784dc6aae9082c0,80484,3020
2026-09-20,page,2026-09-20__page__poverty-trap-failed.pdf,The Poverty Trap Failed — $400/fortnight Didn't Stop the Archive | Barran Dodger,https://barrandodger.com/poverty-trap-failed,31e3d74be668cea8f632794d726855f7d1016492bf8a8478f80b31dd7a5fa3f1,80262,2996
2026-09-20,page,2026-09-20__page__v2k-gang-stalking-forensic-analysis.pdf,V2K &amp; Gang Stalking — Forensic Analysis | Barran Dodger,https://barrandodger.com/v2k-gang-stalking-forensic-analysis,8bcea0176ac0d5bad34b83670066fc7f86a537874718712ca72aa622fa8b96c8,80306,2971
2026-09-20,page,2026-09-20__page__318571-downloads.pdf,"318,571+ Downloads — Milestone Verification | Barran Dodger Archive",https://barrandodger.com/318571-downloads,4945bd3e168bb19a7f841d2204a9bf48660abe239a0208a682770af4440693e6,80001,2930
2026-09-20,page,2026-09-20__page__international-academic-monograph.pdf,International Academic Monograph — UN-Grade Analysis | Barran Dodger,https://barrandodger.com/international-academic-monograph,23e8367c62c12f088ea7f05ece12d9eeba27ac41df881d9c2f8791ce8388528c,80360,2966
2026-09-20,page,2026-09-20__page__un-grade-academic-monograph.pdf,UN-Grade Academic Monograph — Forensic Examination | Barran Dodger,https://barrandodger.com/un-grade-academic-monograph,e84042c2f6e4d7686899ff743da2a19ce3fc44dff11064aafb9687baec041e28,80209,2967
2026-09-20,page,2026-09-20__page__interdisciplinary-forensic-examination.pdf,Interdisciplinary Forensic Examination — The McLean Case | Barran Dodger,https://barrandodger.com/interdisciplinary-forensic-examination,e0d94b341c2f2279d0cde1f59da94310edcc5dc9e540133c0601c5ee47f57161,80513,2963
2026-09-20,page,2026-09-20__page__apex-moral-cowardice-mobbing-paper.pdf,"Apex Moral Cowardice — Mobbing, Puppet Masters &amp; Pawns | Barran Dodger",https://barrandodger.com/apex-moral-cowardice-mobbing-paper,d820602f5eed7196b4624e83e303394b5d73b3eabeae9df9b4cc233d839e2060,80442,2991
2026-09-20,page,2026-09-20__page__the-pawns-will-defect.pdf,The Pawns Will Defect — Institutional Mobbing Analysis | Barran Dodger,https://barrandodger.com/the-pawns-will-defect,0c91255a86c050b9f8d0613f6f9ba8e98d903f26d4baee65e25e2bb58c13b87b,80203,2976
2026-09-20,page,2026-09-20__page__group-mobbing-forensic-analysis.pdf,Group Mobbing — Forensic Analysis of Coordinated Persecution | Barran Dodger,https://barrandodger.com/group-mobbing-forensic-analysis,a81d607ab0e6e747ed3a0ed10a92eed105ca2d8e4772e76b4791247a6b0b9c81,80436,2935
2026-09-20,page,2026-09-20__page__puppet-masters-and-pawns.pdf,Puppet Masters and Pawns — The Architecture of Persecution | Barran Dodger,https://barrandodger.com/puppet-masters-and-pawns,c21f74802533bfd4526003fb812e893bbca6969d222cd5345cd6c9a998354535,80323,3008
2026-09-20,page,2026-09-20__page__mobbing-defection-paper.pdf,Mobbing Defection Paper — When Pawns Break Ranks | Barran Dodger,https://barrandodger.com/mobbing-defection-paper,7cab84839a84443427b31fd0bc852d9494111389653f923bd2a4e60339c25380,80135,2960
2026-09-20,page,2026-09-20__page__they-called-you-delusional.pdf,They Called You Delusional — The Government Was Wrong | Barran Dodger,https://barrandodger.com/they-called-you-delusional,0cf73379bfb2b61a2bc6ca76d036b785d43b176fba0980ca958e0c505cb504a4,80294,2996
2026-09-20,page,2026-09-20__page__paranoid-was-prophecy.pdf,Paranoid Was Prophecy — Every 'Delusion' Confirmed | Barran Dodger,https://barrandodger.com/paranoid-was-prophecy,24051f5e456a3324f3219835fcde57c26d2a82d5c710174cc3454ad4303fc0b4,80182,2811
2026-09-20,page,2026-09-20__page__they-laughed-now-theyre-trembling.pdf,They Laughed — Now They're Trembling | Barran Dodger,https://barrandodger.com/they-laughed-now-theyre-trembling,9d3a5146cffe1441bc52d7fb7a5233f40ad81239a0475dc61a162ce264594647,80215,2965
2026-09-20,page,2026-09-20__page__youtube-prophecy-corroborated.pdf,YouTube Prophecy Corroborated — Every Video Confirmed | Barran Dodger,https://barrandodger.com/youtube-prophecy-corroborated,2e73808b7c80093874c8feaeb1ed7e4c57c97502804db6390ef101ef2dc4c39d,80306,2951
2026-09-20,page,2026-09-20__page__you-beautiful-classified-threat.pdf,You Beautiful Classified Threat — 17 Intelligence Databases | Barran Dodger,https://barrandodger.com/you-beautiful-classified-threat,3e698c4ff310fb329800b952d061a2423f4726c6aec96225dba432bd0848b1aa,80415,2833
2026-09-20,page,2026-09-20__page__ghost-in-their-machine.pdf,Ghost in Their Machine — The Whistleblower They Can't Delete | Barran Dodger,https://barrandodger.com/ghost-in-their-machine,806c94bec4cc0f2c6ffe17c32e72a10837b7f1b8f9e6f728189ffe5b4141de70,80238,2995
2026-09-20,page,2026-09-20__page__17-intelligence-databases.pdf,17 Intelligence Databases — A Beautiful Classified Threat | Barran Dodger,https://barrandodger.com/17-intelligence-databases,56160101090a781cf6cf886a9f72ad115418fc25fdd1f9b84073d9ad53ae1682,80295,2831
2026-09-20,page,2026-09-20__page__the-file-they-cant-close.pdf,The File They Can't Close — The Open ICC Record | Barran Dodger,https://barrandodger.com/the-file-they-cant-close,893932d377e7bae8f4eb0412562199725d0e5e63992d3dede0a7a5e05a76f970,80164,2799
2026-09-20,page,2026-09-20__page__if-the-walls-could-talk.pdf,If the Walls Could Talk — The Institutional Memory | Barran Dodger,https://barrandodger.com/if-the-walls-could-talk,080067a16f4345e251b3c3361f71c3edb2cfb1190e0b8504c214fdc81c584eb2,80204,2975
2026-09-20,page,2026-09-20__page__enemies-cry-in-silence.pdf,Enemies Cry in Silence — The Hidden Consequence | Barran Dodger,https://barrandodger.com/enemies-cry-in-silence,3f5d85b5130bb8fda86685127537bfdb3cc4084259db2261950b51c10b951266,80103,2970
2026-09-20,page,2026-09-20__page__their-tears-are-choking.pdf,Their Tears Are Choking — The Reckoning Arrives | Barran Dodger,https://barrandodger.com/their-tears-are-choking,b616293fcb5d927456074e8ebf3a1d779f22b16ade128741e964c82d4bd11c75,80168,2838
2026-09-20,page,2026-09-20__page__the-mask-they-lost.pdf,The Mask They Lost — When the Institutional Pretence Collapsed | Barran Dodger,https://barrandodger.com/the-mask-they-lost,33e3ff2ef2a43dda70573b11eba6fbf8dcb9145ba6b2c6518b3e34cbd87cff86,80218,2991
2026-09-20,page,2026-09-20__page__they-tried-to-break-you.pdf,"They Tried to Break You — 35 Years, Zero Fractures in the Archive | Barran Dodger",https://barrandodger.com/they-tried-to-break-you,67367306da22ab704377a9f963c4c449666a47cade32e4370d389413a680b7b5,80354,3011
2026-09-20,page,2026-09-20__page__exposed-as-fools.pdf,Exposed as Fools — When Suppression Becomes the Evidence | Barran Dodger,https://barrandodger.com/exposed-as-fools,69eff5973b8b60304794cf447c2e2fa8fe64c5b0e97ef03afa86dee935c4df3b,80151,2991
2026-09-20,page,2026-09-20__page__the-spotlight-was-exposing-them.pdf,The Spotlight Was Exposing Them — The Archive as Searchlight | Barran Dodger,https://barrandodger.com/the-spotlight-was-exposing-them,8fe1c81630318a94c137ffa79a936973432c48936e3dc943fc468466da6167bf,80412,2985
2026-09-20,page,2026-09-20__page__the-ritual-backfired.pdf,The Ritual Backfired — When Persecution Produces the Prophet | Barran Dodger,https://barrandodger.com/the-ritual-backfired,d76b08a6305942e02b2f3edb992f920d85172975b637bc2791cdcf54cc8c44e1,80180,2960
2026-09-20,page,2026-09-20__page__still-breathing-not-the-same-species.pdf,Still Breathing — Not the Same Species | Barran Dodger,https://barrandodger.com/still-breathing-not-the-same-species,3ef5e89644911e3753259f21ce6c949c6c08a2cfbc8339c933dd73845518a1cf,80410,2977
2026-09-20,page,2026-09-20__page__you-metabolised-it.pdf,You Metabolised It — Persecution as Documentation Fuel | Barran Dodger,https://barrandodger.com/you-metabolised-it,79440c5a9358023981bd3d9c305c7d960fbdb5d9a70a72010fd1330a154476ed,80182,2965
2026-09-20,page,2026-09-20__page__radiation-from-a-failed-experiment.pdf,Radiation from a Failed Experiment — The Institutional Fallout | Barran Dodger,https://barrandodger.com/radiation-from-a-failed-experiment,dcf1a673864d50c8dea88059ca014d1f41d5f7be6aa986d28810bed09d36edac,80511,2967
2026-09-20,page,2026-09-20__page__the-leash-snapped.pdf,The Leash Snapped — The Moment the Archive Broke Free | Barran Dodger,https://barrandodger.com/the-leash-snapped,f5663df63d9c0e9b04730a348b86e475563e80dad9a8126a05803b9951a8232f,80138,2968
2026-09-20,page,2026-09-20__page__if-i-am-erased.pdf,If I Am Erased — The Archive That Outlives Its Author | Barran Dodger,https://barrandodger.com/if-i-am-erased,0fa39eda888af754b6d1dacb1b6d33aec0d0dc2e94def6971112677e6a6808c0,80081,2980
2026-09-20,page,2026-09-20__page__martyrdom-significance.pdf,Martyrdom Significance — What Happens If They Kill Him | Barran Dodger,https://barrandodger.com/martyrdom-significance,daf00182bb48af0fe052b3849224ebb4e55aab7a1107f53c1a5dd0c97ca5fcdd,80262,2870
2026-09-20,page,2026-09-20__page__martyrdom-doctrine.pdf,Martyrdom Doctrine — The Archive's Irreversibility Guarantee | Barran Dodger,https://barrandodger.com/martyrdom-doctrine,f2d17bb9cdd4fcdb013044a2ecca6e3edb10d5d3bc8f5a62e280cb42a9213716,80179,2811
2026-09-20,page,2026-09-20__page__immortal-legacy.pdf,Immortal Legacy — The Archive That Cannot Die | Barran Dodger,https://barrandodger.com/immortal-legacy,e0e369116db679165385af1471961906dd851873e72293201931054734e12514,79975,2952
2026-09-20,page,2026-09-20__page__if-i-am-silenced.pdf,If I Am Silenced — The Pre-Positioned Archive | Barran Dodger,https://barrandodger.com/if-i-am-silenced,f7144dbba4f4f806a37b779516b1101662f04b57e83bd343e995ae0249a43641,80007,2957
2026-09-20,page,2026-09-20__page__if-i-am-murdered.pdf,If I Am Murdered — The Dead Man's Switch Archive | Barran Dodger,https://barrandodger.com/if-i-am-murdered,96f14f5943d440153e2db9b9171cc68778cd84b2a2d561a72d1460ff99017319,80079,2825
2026-09-20,page,2026-09-20__page__the-martyrdom-doctrine.pdf,The Martyrdom Doctrine — Formal Declaration | Barran Dodger,https://barrandodger.com/the-martyrdom-doctrine,97a3d3a13e06e9bef1f2f9e0169df776e98e8ced3abf2cda3d1a87504ed27113,80091,2968
2026-09-20,page,2026-09-20__page__mothers-day-prayer-2026.pdf,Mother's Day Prayer 2026 — A Testimony of Divine Provision | Barran Dodger,https://barrandodger.com/mothers-day-prayer-2026,ce5179c6909cca0fcbc40b85ebdd89fb2070ae96a338f2263127f09fdb1d8cf5,80273,2797
2026-09-20,page,2026-09-20__page__the-prayer-that-was-heard.pdf,The Prayer That Was Heard — Divine Response Documented | Barran Dodger,https://barrandodger.com/the-prayer-that-was-heard,90453ea64db3209d58b3557974bc9d8abaae45d3ea462f6a99199ba7567ec55c,80316,2976
2026-09-20,page,2026-09-20__page__prayer-was-answered.pdf,The Prayer Was Answered — Archive as Divine Fulfilment | Barran Dodger,https://barrandodger.com/prayer-was-answered,3fdd32145b38a4d4176742c3e8ea4fc9867e83955813b4b3f01b88c28ea86f56,80202,2970
2026-09-20,page,2026-09-20__page__they-thought-burying-you-would-end-the-story.pdf,They Thought Burying You Would End the Story — Forensic Analysis | Barran Dodger,https://barrandodger.com/they-thought-burying-you-would-end-the-story,807c701507ce28da48fcfd83ff84805fba80bc502ca3e0cca068a238a6436959,80699,3035
2026-09-20,page,2026-09-20__page__eliven-chain-portal.pdf,Eliven Chain Portal — The Summoning | Barran Dodger,https://barrandodger.com/eliven-chain-portal,f83e4ba747cc30710961f97eecd897ef4597829ca90a654baba17884a265f111,80001,2951
2026-09-20,page,2026-09-20__page__portal-summoning.pdf,Portal Summoning — The Eliven Chain Activation | Barran Dodger,https://barrandodger.com/portal-summoning,ff9886f499b290d227288cf218e77b6e12bcf709e52cf08bb2dc78d8cb70ad85,80097,2975
2026-09-20,page,2026-09-20__page__gospel-opens-the-portal.pdf,The Gospel Opens the Portal — Sacred Testimony as Activation Key | Barran Dodger,https://barrandodger.com/gospel-opens-the-portal,57c86eb69fda67d87e2be5adceeb382b87206e9f86fcb8e44a022742ee491079,80303,2976
2026-09-20,page,2026-09-20__page__creator-responds-to-the-portal.pdf,The Creator Responds to the Portal — Divine Acknowledgment | Barran Dodger,https://barrandodger.com/creator-responds-to-the-portal,973e3266a78d281ae369629f2f41f7069572f7ab6fa6c11900f5167f97f1bd3d,80344,2827
